-- MySQL dump 10.13  Distrib 8.0.43, for Win64 (x86_64)
--
-- Host: 127.0.0.1    Database: alokafastfood
-- ------------------------------------------------------
-- Server version	8.0.43

/*!40101 SET @OLD_CHARACTER_SET_CLIENT=@@CHARACTER_SET_CLIENT */;
/*!40101 SET @OLD_CHARACTER_SET_RESULTS=@@CHARACTER_SET_RESULTS */;
/*!40101 SET @OLD_COLLATION_CONNECTION=@@COLLATION_CONNECTION */;
/*!50503 SET NAMES utf8 */;
/*!40103 SET @OLD_TIME_ZONE=@@TIME_ZONE */;
/*!40103 SET TIME_ZONE='+00:00' */;
/*!40014 SET @OLD_UNIQUE_CHECKS=@@UNIQUE_CHECKS, UNIQUE_CHECKS=0 */;
/*!40014 SET @OLD_FOREIGN_KEY_CHECKS=@@FOREIGN_KEY_CHECKS, FOREIGN_KEY_CHECKS=0 */;
/*!40101 SET @OLD_SQL_MODE=@@SQL_MODE, SQL_MODE='NO_AUTO_VALUE_ON_ZERO' */;
/*!40111 SET @OLD_SQL_NOTES=@@SQL_NOTES, SQL_NOTES=0 */;

--
-- Table structure for table `audit_logs`
--

DROP TABLE IF EXISTS `audit_logs`;
/*!40101 SET @saved_cs_client     = @@character_set_client */;
/*!50503 SET character_set_client = utf8mb4 */;
CREATE TABLE `audit_logs` (
  `id` int NOT NULL AUTO_INCREMENT,
  `log_timestamp` datetime DEFAULT CURRENT_TIMESTAMP,
  `actor` varchar(80) DEFAULT 'System Admin',
  `action` varchar(80) NOT NULL,
  `payload` text,
  PRIMARY KEY (`id`),
  KEY `idx_timestamp` (`log_timestamp`)
) ENGINE=InnoDB AUTO_INCREMENT=85 DEFAULT CHARSET=utf8mb4 COLLATE=utf8mb4_0900_ai_ci;
/*!40101 SET character_set_client = @saved_cs_client */;

--
-- Dumping data for table `audit_logs`
--

LOCK TABLES `audit_logs` WRITE;
/*!40000 ALTER TABLE `audit_logs` DISABLE KEYS */;
INSERT INTO `audit_logs` VALUES (1,'2026-07-06 17:58:03','System Admin','Add Menu Item','Added: Egg Roll'),(2,'2026-07-06 17:58:53','System Admin','Price Change','Item double_egg_roll variant double_egg_roll_single -> ₹40'),(3,'2026-07-06 18:19:39','System Admin','Add Menu Item','Added: 1 Egg'),(4,'2026-07-06 18:20:09','System Admin','Add Menu Item','Added: 12 Egg'),(5,'2026-07-06 18:20:33','System Admin','Add Menu Item','Added: 15 Egg'),(6,'2026-07-06 18:21:00','System Admin','Add Menu Item','Added: 1 tray Egg'),(7,'2026-07-06 18:21:25','System Admin','Add Menu Item','Added: 1 Cartoon Egg'),(8,'2026-07-06 22:04:41','System Admin','Price Change','Item egg variant egg_12 pc -> ₹90'),(9,'2026-07-06 22:04:51','System Admin','Price Change','Item egg variant egg_12 pc -> ₹90'),(10,'2026-07-06 22:04:55','System Admin','Price Change','Item egg variant egg_12 pc -> ₹90'),(11,'2026-07-06 22:07:16','System Admin','Price Change','Item egg variant egg_12pc -> ₹85'),(12,'2026-07-06 22:14:19','System Admin','Price Change','Item egg variant egg_12 pc -> ₹90'),(13,'2026-07-06 22:14:24','System Admin','Price Change','Item egg variant egg_12 pc -> ₹90'),(14,'2026-07-06 22:14:33','System Admin','Price Change','Item egg variant egg_15 pc -> ₹110'),(15,'2026-07-06 22:17:50','System Admin','Price Change','Item egg variant egg_12pc -> ₹90'),(16,'2026-07-06 22:18:09','System Admin','Price Change','Item egg variant egg_12pc -> ₹95'),(17,'2026-07-06 22:18:19','System Admin','Price Change','Item egg variant egg_12pc -> ₹94'),(18,'2026-07-06 22:18:27','System Admin','Price Change','Item egg variant egg_1pc -> ₹8'),(19,'2026-07-06 22:18:40','System Admin','Price Change','Item egg variant egg_12pc -> ₹95'),(20,'2026-07-06 22:18:47','System Admin','Price Change','Item egg variant egg_15pc -> ₹110'),(21,'2026-07-06 22:18:57','System Admin','Price Change','Item egg variant egg_15pc -> ₹115'),(22,'2026-07-06 22:19:12','System Admin','Price Change','Item egg variant egg_tray -> ₹125'),(23,'2026-07-06 22:19:22','System Admin','Price Change','Item egg variant egg_tray -> ₹225'),(24,'2026-07-06 22:19:39','System Admin','Price Change','Item egg variant egg_carton -> ₹1510'),(25,'2026-07-06 22:19:46','System Admin','Price Change','Item egg variant egg_carton -> ₹1550'),(26,'2026-07-06 22:20:21','System Admin','Price Change','Item egg variant egg_2tray -> ₹450'),(27,'2026-07-06 22:36:13','System Admin','Order Deleted','Order #AB-1158 has been deleted.'),(28,'2026-07-07 22:26:51','System Admin','Order Ready','All items in Order #AB-4943 are ready to serve.'),(29,'2026-07-07 22:27:36','System Admin','Order Deleted','Order #AB-2026 has been deleted.'),(30,'2026-07-07 22:27:40','System Admin','Order Deleted','Order #AB-3761 has been deleted.'),(31,'2026-07-07 22:27:44','System Admin','Order Deleted','Order #AB-4943 has been deleted.'),(32,'2026-07-07 23:56:22','System Admin','Order Ready','All items in Order #AB-3769 are ready to serve.'),(33,'2026-07-07 23:56:32','System Admin','Order Deleted','Order #AB-3769 has been deleted.'),(34,'2026-07-08 00:06:06','System Admin','Order Deleted','Order ##7-7-26-0002 has been deleted.'),(35,'2026-07-08 00:06:11','System Admin','Order Deleted','Order ##7-7-26-0001 has been deleted.'),(36,'2026-07-08 00:12:24','System Admin','Order Ready','All items in Order ##8-7-26-0001 are ready to serve.'),(37,'2026-07-08 00:12:42','System Admin','Order Ready','All items in Order ##8-7-26-0002 are ready to serve.'),(38,'2026-07-08 00:12:52','System Admin','Order Deleted','Order ##8-7-26-0001 has been deleted.'),(39,'2026-07-08 00:12:56','System Admin','Order Deleted','Order ##8-7-26-0002 has been deleted.'),(40,'2026-07-08 00:17:00','System Admin','Order Ready','All items in Order ##8-7-26-0001 are ready to serve.'),(41,'2026-07-08 00:17:16','System Admin','Order Ready','All items in Order ##8-7-26-0002 are ready to serve.'),(42,'2026-07-08 00:17:50','System Admin','Order Ready','All items in Order ##8-7-26-0003 are ready to serve.'),(43,'2026-07-08 00:27:35','System Admin','Order Ready','All items in Order ##8-7-26-0004 are ready to serve.'),(44,'2026-07-08 00:27:36','System Admin','Order Ready','All items in Order ##8-7-26-0004 are ready to serve.'),(45,'2026-07-08 00:27:36','System Admin','Order Ready','All items in Order ##8-7-26-0004 are ready to serve.'),(46,'2026-07-08 00:27:37','System Admin','Order Ready','All items in Order ##8-7-26-0004 are ready to serve.'),(47,'2026-07-08 00:29:04','System Admin','Order Ready','All items in Order ##8-7-26-0004 are ready to serve.'),(48,'2026-07-08 00:29:07','System Admin','Order Deleted','Order ##8-7-26-0005 has been deleted.'),(49,'2026-07-08 00:29:19','System Admin','Order Deleted','Order ##8-7-26-0004 has been deleted.'),(50,'2026-07-08 00:29:24','System Admin','Order Deleted','Order ##8-7-26-0003 has been deleted.'),(51,'2026-07-08 00:29:28','System Admin','Order Deleted','Order ##8-7-26-0002 has been deleted.'),(52,'2026-07-08 00:29:31','System Admin','Order Deleted','Order ##8-7-26-0001 has been deleted.'),(53,'2026-07-08 00:30:10','System Admin','Order Ready','All items in Order ##8-7-26-0001 are ready to serve.'),(54,'2026-07-08 00:30:10','System Admin','Order Ready','All items in Order ##8-7-26-0001 are ready to serve.'),(55,'2026-07-08 00:37:02','System Admin','Order Ready','All items in Order ##8-7-26-0002 are ready to serve.'),(56,'2026-07-08 00:38:01','System Admin','Order Ready','All items in Order ##8-7-26-0003 are ready to serve.'),(57,'2026-07-08 00:38:50','System Admin','Order Deleted','Order ##8-7-26-0006 has been deleted.'),(58,'2026-07-08 00:38:53','System Admin','Order Deleted','Order ##8-7-26-0005 has been deleted.'),(59,'2026-07-08 00:38:58','System Admin','Order Deleted','Order ##8-7-26-0004 has been deleted.'),(60,'2026-07-08 00:39:07','System Admin','Order Deleted','Order ##8-7-26-0003 has been deleted.'),(61,'2026-07-08 00:39:13','System Admin','Order Deleted','Order ##8-7-26-0002 has been deleted.'),(62,'2026-07-08 00:39:16','System Admin','Order Deleted','Order ##8-7-26-0001 has been deleted.'),(63,'2026-07-08 00:40:52','System Admin','Order Deleted','Order ##8-7-26-0001 has been deleted.'),(64,'2026-07-08 00:40:57','System Admin','Order Deleted','Order ##8-7-26-0002 has been deleted.'),(65,'2026-07-08 00:40:58','System Admin','Order Deleted','Order ##8-7-26-0003 has been deleted.'),(66,'2026-07-08 00:43:53','System Admin','Order Deleted','Order ##8-7-26-0001 has been deleted.'),(67,'2026-07-08 00:44:28','System Admin','Order Deleted','Order ##8-7-26-0001 has been deleted.'),(68,'2026-07-08 00:44:33','System Admin','Order Deleted','Order ##8-7-26-0002 has been deleted.'),(69,'2026-07-11 14:15:03','System Admin','Order Deleted','Order ##11-7-26-0003 has been deleted.'),(70,'2026-07-11 14:15:05','System Admin','Order Deleted','Order ##11-7-26-0002 has been deleted.'),(71,'2026-07-11 14:15:07','System Admin','Order Deleted','Order ##11-7-26-0001 has been deleted.'),(72,'2026-07-11 14:16:24','System Admin','Order Deleted','Order ##11-7-26-0002 has been deleted.'),(73,'2026-07-11 14:16:28','System Admin','Order Deleted','Order ##11-7-26-0001 has been deleted.'),(74,'2026-07-11 14:34:33','System Admin','Order Deleted','Order ##11-7-26-0003 has been deleted.'),(75,'2026-07-11 14:34:34','System Admin','Order Deleted','Order ##11-7-26-0003 has been deleted.'),(76,'2026-07-11 14:34:36','System Admin','Order Deleted','Order ##11-7-26-0002 has been deleted.'),(77,'2026-07-11 14:34:37','System Admin','Order Deleted','Order ##11-7-26-0001 has been deleted.'),(78,'2026-07-11 14:34:37','System Admin','Order Deleted','Order ##11-7-26-0001 has been deleted.'),(79,'2026-07-11 15:00:55','System Admin','Order Deleted','Order ##11-7-26-0002 has been deleted.'),(80,'2026-07-11 15:00:58','System Admin','Order Deleted','Order ##11-7-26-0001 has been deleted.'),(81,'2026-07-11 17:41:36','System Admin','Order Deleted','Order ##11-7-26-0001 has been deleted.'),(82,'2026-07-11 17:41:39','System Admin','Order Deleted','Order ##11-7-26-0002 has been deleted.'),(83,'2026-07-11 17:41:40','System Admin','Order Deleted','Order ##11-7-26-0004 has been deleted.'),(84,'2026-07-11 17:41:42','System Admin','Order Deleted','Order ##11-7-26-0003 has been deleted.');
/*!40000 ALTER TABLE `audit_logs` ENABLE KEYS */;
UNLOCK TABLES;

--
-- Table structure for table `batch_processing_stages`
--

DROP TABLE IF EXISTS `batch_processing_stages`;
/*!40101 SET @saved_cs_client     = @@character_set_client */;
/*!50503 SET character_set_client = utf8mb4 */;
CREATE TABLE `batch_processing_stages` (
  `id` int NOT NULL AUTO_INCREMENT,
  `batch_recipe_id` varchar(64) NOT NULL,
  `stage_order` int NOT NULL,
  `stage_name` varchar(80) NOT NULL,
  `station_id` varchar(64) DEFAULT NULL,
  `duration_min` int DEFAULT '0',
  PRIMARY KEY (`id`),
  KEY `batch_recipe_id` (`batch_recipe_id`),
  CONSTRAINT `batch_processing_stages_ibfk_1` FOREIGN KEY (`batch_recipe_id`) REFERENCES `batch_recipes` (`id`) ON DELETE CASCADE
) ENGINE=InnoDB AUTO_INCREMENT=3 DEFAULT CHARSET=utf8mb4 COLLATE=utf8mb4_0900_ai_ci;
/*!40101 SET character_set_client = @saved_cs_client */;

--
-- Dumping data for table `batch_processing_stages`
--

LOCK TABLES `batch_processing_stages` WRITE;
/*!40000 ALTER TABLE `batch_processing_stages` DISABLE KEYS */;
INSERT INTO `batch_processing_stages` VALUES (1,'pakora_mixture',1,'Marination','prep',30),(2,'pakora_mixture',2,'Frying','deep_fry',10);
/*!40000 ALTER TABLE `batch_processing_stages` ENABLE KEYS */;
UNLOCK TABLES;

--
-- Table structure for table `batch_recipe_ingredients`
--

DROP TABLE IF EXISTS `batch_recipe_ingredients`;
/*!40101 SET @saved_cs_client     = @@character_set_client */;
/*!50503 SET character_set_client = utf8mb4 */;
CREATE TABLE `batch_recipe_ingredients` (
  `id` int NOT NULL AUTO_INCREMENT,
  `batch_recipe_id` varchar(64) NOT NULL,
  `raw_ingredient_id` varchar(64) NOT NULL,
  `ratio_per_unit` decimal(10,6) NOT NULL,
  `unit` varchar(20) DEFAULT 'g',
  PRIMARY KEY (`id`),
  KEY `batch_recipe_id` (`batch_recipe_id`),
  CONSTRAINT `batch_recipe_ingredients_ibfk_1` FOREIGN KEY (`batch_recipe_id`) REFERENCES `batch_recipes` (`id`) ON DELETE CASCADE
) ENGINE=InnoDB AUTO_INCREMENT=376 DEFAULT CHARSET=utf8mb4 COLLATE=utf8mb4_0900_ai_ci;
/*!40101 SET character_set_client = @saved_cs_client */;

--
-- Dumping data for table `batch_recipe_ingredients`
--

LOCK TABLES `batch_recipe_ingredients` WRITE;
/*!40000 ALTER TABLE `batch_recipe_ingredients` DISABLE KEYS */;
INSERT INTO `batch_recipe_ingredients` VALUES (1,'chicken_keema','raw_chicken',1.250000,'g'),(2,'chicken_keema','onion',0.100000,'g'),(3,'chicken_keema','oil',0.050000,'ml'),(4,'chicken_keema','spices',0.020000,'g'),(5,'paneer_keema','paneer',1.000000,'g'),(6,'paneer_keema','onion',0.100000,'g'),(7,'paneer_keema','oil',0.050000,'ml'),(8,'paneer_keema','spices',0.020000,'g'),(9,'chicken_kosha_gravy','raw_chicken',250.000000,'g'),(10,'chicken_kosha_gravy','onion',50.000000,'g'),(11,'chicken_kosha_gravy','oil',20.000000,'ml'),(12,'chicken_kosha_gravy','spices',20.000000,'g'),(13,'pakora_mixture','raw_chicken',1.100000,'g'),(14,'pakora_mixture','oil',0.050000,'ml'),(15,'pakora_mixture','spices',0.020000,'g'),(16,'paratha_base','flour',50.000000,'g'),(17,'paratha_base','oil',10.000000,'ml'),(18,'mughlai_dough','flour',80.000000,'g'),(19,'mughlai_dough','oil',10.000000,'ml'),(20,'chowmein_base','noodles',80.000000,'g'),(21,'chowmein_base','oil',10.000000,'ml'),(22,'pasta_base','pasta',80.000000,'g'),(23,'pasta_base','oil',10.000000,'ml'),(24,'ghugni_gravy','ghugni_peas',0.500000,'g'),(25,'ghugni_gravy','onion',0.100000,'g'),(26,'ghugni_gravy','oil',0.050000,'ml'),(27,'ghugni_gravy','spices',0.020000,'g'),(28,'chole_gravy','chole_chana',0.500000,'g'),(29,'chole_gravy','onion',0.100000,'g'),(30,'chole_gravy','oil',0.050000,'ml'),(31,'chole_gravy','spices',0.020000,'g'),(32,'ghugni_gravy','ghugni_peas',0.500000,'g'),(33,'ghugni_gravy','onion',0.100000,'g'),(34,'ghugni_gravy','oil',0.050000,'ml'),(35,'ghugni_gravy','spices',0.020000,'g'),(36,'chole_gravy','chole_chana',0.500000,'g'),(37,'chole_gravy','onion',0.100000,'g'),(38,'chole_gravy','oil',0.050000,'ml'),(39,'chole_gravy','spices',0.020000,'g'),(40,'ghugni_gravy','ghugni_peas',0.500000,'g'),(41,'ghugni_gravy','onion',0.100000,'g'),(42,'ghugni_gravy','oil',0.050000,'ml'),(43,'ghugni_gravy','spices',0.020000,'g'),(44,'chole_gravy','chole_chana',0.500000,'g'),(45,'chole_gravy','onion',0.100000,'g'),(46,'chole_gravy','oil',0.050000,'ml'),(47,'chole_gravy','spices',0.020000,'g'),(48,'ghugni_gravy','ghugni_peas',0.500000,'g'),(49,'ghugni_gravy','onion',0.100000,'g'),(50,'ghugni_gravy','oil',0.050000,'ml'),(51,'ghugni_gravy','spices',0.020000,'g'),(52,'chole_gravy','chole_chana',0.500000,'g'),(53,'chole_gravy','onion',0.100000,'g'),(54,'chole_gravy','oil',0.050000,'ml'),(55,'chole_gravy','spices',0.020000,'g'),(56,'ghugni_gravy','ghugni_peas',0.500000,'g'),(57,'ghugni_gravy','onion',0.100000,'g'),(58,'ghugni_gravy','oil',0.050000,'ml'),(59,'ghugni_gravy','spices',0.020000,'g'),(60,'chole_gravy','chole_chana',0.500000,'g'),(61,'chole_gravy','onion',0.100000,'g'),(62,'chole_gravy','oil',0.050000,'ml'),(63,'chole_gravy','spices',0.020000,'g'),(64,'ghugni_gravy','ghugni_peas',0.500000,'g'),(65,'ghugni_gravy','onion',0.100000,'g'),(66,'ghugni_gravy','oil',0.050000,'ml'),(67,'ghugni_gravy','spices',0.020000,'g'),(68,'chole_gravy','chole_chana',0.500000,'g'),(69,'chole_gravy','onion',0.100000,'g'),(70,'chole_gravy','oil',0.050000,'ml'),(71,'chole_gravy','spices',0.020000,'g'),(72,'ghugni_gravy','ghugni_peas',0.500000,'g'),(73,'ghugni_gravy','onion',0.100000,'g'),(74,'ghugni_gravy','oil',0.050000,'ml'),(75,'ghugni_gravy','spices',0.020000,'g'),(76,'chole_gravy','chole_chana',0.500000,'g'),(77,'chole_gravy','onion',0.100000,'g'),(78,'chole_gravy','oil',0.050000,'ml'),(79,'chole_gravy','spices',0.020000,'g'),(80,'ghugni_gravy','ghugni_peas',0.500000,'g'),(81,'ghugni_gravy','onion',0.100000,'g'),(82,'ghugni_gravy','oil',0.050000,'ml'),(83,'ghugni_gravy','spices',0.020000,'g'),(84,'chole_gravy','chole_chana',0.500000,'g'),(85,'chole_gravy','onion',0.100000,'g'),(86,'chole_gravy','oil',0.050000,'ml'),(87,'chole_gravy','spices',0.020000,'g'),(88,'ghugni_gravy','ghugni_peas',0.500000,'g'),(89,'ghugni_gravy','onion',0.100000,'g'),(90,'ghugni_gravy','oil',0.050000,'ml'),(91,'ghugni_gravy','spices',0.020000,'g'),(92,'chole_gravy','chole_chana',0.500000,'g'),(93,'chole_gravy','onion',0.100000,'g'),(94,'chole_gravy','oil',0.050000,'ml'),(95,'chole_gravy','spices',0.020000,'g'),(96,'ghugni_gravy','ghugni_peas',0.500000,'g'),(97,'ghugni_gravy','onion',0.100000,'g'),(98,'ghugni_gravy','oil',0.050000,'ml'),(99,'ghugni_gravy','spices',0.020000,'g'),(100,'chole_gravy','chole_chana',0.500000,'g'),(101,'chole_gravy','onion',0.100000,'g'),(102,'chole_gravy','oil',0.050000,'ml'),(103,'chole_gravy','spices',0.020000,'g'),(104,'ghugni_gravy','ghugni_peas',0.500000,'g'),(105,'ghugni_gravy','onion',0.100000,'g'),(106,'ghugni_gravy','oil',0.050000,'ml'),(107,'ghugni_gravy','spices',0.020000,'g'),(108,'chole_gravy','chole_chana',0.500000,'g'),(109,'chole_gravy','onion',0.100000,'g'),(110,'chole_gravy','oil',0.050000,'ml'),(111,'chole_gravy','spices',0.020000,'g'),(112,'ghugni_gravy','ghugni_peas',0.500000,'g'),(113,'ghugni_gravy','onion',0.100000,'g'),(114,'ghugni_gravy','oil',0.050000,'ml'),(115,'ghugni_gravy','spices',0.020000,'g'),(116,'chole_gravy','chole_chana',0.500000,'g'),(117,'chole_gravy','onion',0.100000,'g'),(118,'chole_gravy','oil',0.050000,'ml'),(119,'chole_gravy','spices',0.020000,'g'),(120,'ghugni_gravy','ghugni_peas',0.500000,'g'),(121,'ghugni_gravy','onion',0.100000,'g'),(122,'ghugni_gravy','oil',0.050000,'ml'),(123,'ghugni_gravy','spices',0.020000,'g'),(124,'chole_gravy','chole_chana',0.500000,'g'),(125,'chole_gravy','onion',0.100000,'g'),(126,'chole_gravy','oil',0.050000,'ml'),(127,'chole_gravy','spices',0.020000,'g'),(128,'ghugni_gravy','ghugni_peas',0.500000,'g'),(129,'ghugni_gravy','onion',0.100000,'g'),(130,'ghugni_gravy','oil',0.050000,'ml'),(131,'ghugni_gravy','spices',0.020000,'g'),(132,'chole_gravy','chole_chana',0.500000,'g'),(133,'chole_gravy','onion',0.100000,'g'),(134,'chole_gravy','oil',0.050000,'ml'),(135,'chole_gravy','spices',0.020000,'g'),(136,'ghugni_gravy','ghugni_peas',0.500000,'g'),(137,'ghugni_gravy','onion',0.100000,'g'),(138,'ghugni_gravy','oil',0.050000,'ml'),(139,'ghugni_gravy','spices',0.020000,'g'),(140,'chole_gravy','chole_chana',0.500000,'g'),(141,'chole_gravy','onion',0.100000,'g'),(142,'chole_gravy','oil',0.050000,'ml'),(143,'chole_gravy','spices',0.020000,'g'),(144,'ghugni_gravy','ghugni_peas',0.500000,'g'),(145,'ghugni_gravy','onion',0.100000,'g'),(146,'ghugni_gravy','oil',0.050000,'ml'),(147,'ghugni_gravy','spices',0.020000,'g'),(148,'chole_gravy','chole_chana',0.500000,'g'),(149,'chole_gravy','onion',0.100000,'g'),(150,'chole_gravy','oil',0.050000,'ml'),(151,'chole_gravy','spices',0.020000,'g'),(152,'ghugni_gravy','ghugni_peas',0.500000,'g'),(153,'ghugni_gravy','onion',0.100000,'g'),(154,'ghugni_gravy','oil',0.050000,'ml'),(155,'ghugni_gravy','spices',0.020000,'g'),(156,'chole_gravy','chole_chana',0.500000,'g'),(157,'chole_gravy','onion',0.100000,'g'),(158,'chole_gravy','oil',0.050000,'ml'),(159,'chole_gravy','spices',0.020000,'g'),(160,'ghugni_gravy','ghugni_peas',0.500000,'g'),(161,'ghugni_gravy','onion',0.100000,'g'),(162,'ghugni_gravy','oil',0.050000,'ml'),(163,'ghugni_gravy','spices',0.020000,'g'),(164,'chole_gravy','chole_chana',0.500000,'g'),(165,'chole_gravy','onion',0.100000,'g'),(166,'chole_gravy','oil',0.050000,'ml'),(167,'chole_gravy','spices',0.020000,'g'),(168,'ghugni_gravy','ghugni_peas',0.500000,'g'),(169,'ghugni_gravy','onion',0.100000,'g'),(170,'ghugni_gravy','oil',0.050000,'ml'),(171,'ghugni_gravy','spices',0.020000,'g'),(172,'chole_gravy','chole_chana',0.500000,'g'),(173,'chole_gravy','onion',0.100000,'g'),(174,'chole_gravy','oil',0.050000,'ml'),(175,'chole_gravy','spices',0.020000,'g'),(176,'ghugni_gravy','ghugni_peas',0.500000,'g'),(177,'ghugni_gravy','onion',0.100000,'g'),(178,'ghugni_gravy','oil',0.050000,'ml'),(179,'ghugni_gravy','spices',0.020000,'g'),(180,'chole_gravy','chole_chana',0.500000,'g'),(181,'chole_gravy','onion',0.100000,'g'),(182,'chole_gravy','oil',0.050000,'ml'),(183,'chole_gravy','spices',0.020000,'g'),(184,'ghugni_gravy','ghugni_peas',0.500000,'g'),(185,'ghugni_gravy','onion',0.100000,'g'),(186,'ghugni_gravy','oil',0.050000,'ml'),(187,'ghugni_gravy','spices',0.020000,'g'),(188,'chole_gravy','chole_chana',0.500000,'g'),(189,'chole_gravy','onion',0.100000,'g'),(190,'chole_gravy','oil',0.050000,'ml'),(191,'chole_gravy','spices',0.020000,'g'),(192,'ghugni_gravy','ghugni_peas',0.500000,'g'),(193,'ghugni_gravy','onion',0.100000,'g'),(194,'ghugni_gravy','oil',0.050000,'ml'),(195,'ghugni_gravy','spices',0.020000,'g'),(196,'chole_gravy','chole_chana',0.500000,'g'),(197,'chole_gravy','onion',0.100000,'g'),(198,'chole_gravy','oil',0.050000,'ml'),(199,'chole_gravy','spices',0.020000,'g'),(200,'ghugni_gravy','ghugni_peas',0.500000,'g'),(201,'ghugni_gravy','onion',0.100000,'g'),(202,'ghugni_gravy','oil',0.050000,'ml'),(203,'ghugni_gravy','spices',0.020000,'g'),(204,'chole_gravy','chole_chana',0.500000,'g'),(205,'chole_gravy','onion',0.100000,'g'),(206,'chole_gravy','oil',0.050000,'ml'),(207,'chole_gravy','spices',0.020000,'g'),(208,'ghugni_gravy','ghugni_peas',0.500000,'g'),(209,'ghugni_gravy','onion',0.100000,'g'),(210,'ghugni_gravy','oil',0.050000,'ml'),(211,'ghugni_gravy','spices',0.020000,'g'),(212,'chole_gravy','chole_chana',0.500000,'g'),(213,'chole_gravy','onion',0.100000,'g'),(214,'chole_gravy','oil',0.050000,'ml'),(215,'chole_gravy','spices',0.020000,'g'),(216,'ghugni_gravy','ghugni_peas',0.500000,'g'),(217,'ghugni_gravy','onion',0.100000,'g'),(218,'ghugni_gravy','oil',0.050000,'ml'),(219,'ghugni_gravy','spices',0.020000,'g'),(220,'chole_gravy','chole_chana',0.500000,'g'),(221,'chole_gravy','onion',0.100000,'g'),(222,'chole_gravy','oil',0.050000,'ml'),(223,'chole_gravy','spices',0.020000,'g'),(224,'ghugni_gravy','ghugni_peas',0.500000,'g'),(225,'ghugni_gravy','onion',0.100000,'g'),(226,'ghugni_gravy','oil',0.050000,'ml'),(227,'ghugni_gravy','spices',0.020000,'g'),(228,'chole_gravy','chole_chana',0.500000,'g'),(229,'chole_gravy','onion',0.100000,'g'),(230,'chole_gravy','oil',0.050000,'ml'),(231,'chole_gravy','spices',0.020000,'g'),(232,'ghugni_gravy','ghugni_peas',0.500000,'g'),(233,'ghugni_gravy','onion',0.100000,'g'),(234,'ghugni_gravy','oil',0.050000,'ml'),(235,'ghugni_gravy','spices',0.020000,'g'),(236,'chole_gravy','chole_chana',0.500000,'g'),(237,'chole_gravy','onion',0.100000,'g'),(238,'chole_gravy','oil',0.050000,'ml'),(239,'chole_gravy','spices',0.020000,'g'),(240,'ghugni_gravy','ghugni_peas',0.500000,'g'),(241,'ghugni_gravy','onion',0.100000,'g'),(242,'ghugni_gravy','oil',0.050000,'ml'),(243,'ghugni_gravy','spices',0.020000,'g'),(244,'chole_gravy','chole_chana',0.500000,'g'),(245,'chole_gravy','onion',0.100000,'g'),(246,'chole_gravy','oil',0.050000,'ml'),(247,'chole_gravy','spices',0.020000,'g'),(248,'ghugni_gravy','ghugni_peas',0.500000,'g'),(249,'ghugni_gravy','onion',0.100000,'g'),(250,'ghugni_gravy','oil',0.050000,'ml'),(251,'ghugni_gravy','spices',0.020000,'g'),(252,'chole_gravy','chole_chana',0.500000,'g'),(253,'chole_gravy','onion',0.100000,'g'),(254,'chole_gravy','oil',0.050000,'ml'),(255,'chole_gravy','spices',0.020000,'g'),(256,'ghugni_gravy','ghugni_peas',0.500000,'g'),(257,'ghugni_gravy','onion',0.100000,'g'),(258,'ghugni_gravy','oil',0.050000,'ml'),(259,'ghugni_gravy','spices',0.020000,'g'),(260,'chole_gravy','chole_chana',0.500000,'g'),(261,'chole_gravy','onion',0.100000,'g'),(262,'chole_gravy','oil',0.050000,'ml'),(263,'chole_gravy','spices',0.020000,'g'),(264,'ghugni_gravy','ghugni_peas',0.500000,'g'),(265,'ghugni_gravy','onion',0.100000,'g'),(266,'ghugni_gravy','oil',0.050000,'ml'),(267,'ghugni_gravy','spices',0.020000,'g'),(268,'chole_gravy','chole_chana',0.500000,'g'),(269,'chole_gravy','onion',0.100000,'g'),(270,'chole_gravy','oil',0.050000,'ml'),(271,'chole_gravy','spices',0.020000,'g'),(272,'ghugni_gravy','ghugni_peas',0.500000,'g'),(273,'ghugni_gravy','onion',0.100000,'g'),(274,'ghugni_gravy','oil',0.050000,'ml'),(275,'ghugni_gravy','spices',0.020000,'g'),(276,'chole_gravy','chole_chana',0.500000,'g'),(277,'chole_gravy','onion',0.100000,'g'),(278,'chole_gravy','oil',0.050000,'ml'),(279,'chole_gravy','spices',0.020000,'g'),(280,'ghugni_gravy','ghugni_peas',0.500000,'g'),(281,'ghugni_gravy','onion',0.100000,'g'),(282,'ghugni_gravy','oil',0.050000,'ml'),(283,'ghugni_gravy','spices',0.020000,'g'),(284,'chole_gravy','chole_chana',0.500000,'g'),(285,'chole_gravy','onion',0.100000,'g'),(286,'chole_gravy','oil',0.050000,'ml'),(287,'chole_gravy','spices',0.020000,'g'),(288,'ghugni_gravy','ghugni_peas',0.500000,'g'),(289,'ghugni_gravy','onion',0.100000,'g'),(290,'ghugni_gravy','oil',0.050000,'ml'),(291,'ghugni_gravy','spices',0.020000,'g'),(292,'chole_gravy','chole_chana',0.500000,'g'),(293,'chole_gravy','onion',0.100000,'g'),(294,'chole_gravy','oil',0.050000,'ml'),(295,'chole_gravy','spices',0.020000,'g'),(296,'ghugni_gravy','ghugni_peas',0.500000,'g'),(297,'ghugni_gravy','onion',0.100000,'g'),(298,'ghugni_gravy','oil',0.050000,'ml'),(299,'ghugni_gravy','spices',0.020000,'g'),(300,'chole_gravy','chole_chana',0.500000,'g'),(301,'chole_gravy','onion',0.100000,'g'),(302,'chole_gravy','oil',0.050000,'ml'),(303,'chole_gravy','spices',0.020000,'g'),(304,'ghugni_gravy','ghugni_peas',0.500000,'g'),(305,'ghugni_gravy','onion',0.100000,'g'),(306,'ghugni_gravy','oil',0.050000,'ml'),(307,'ghugni_gravy','spices',0.020000,'g'),(308,'chole_gravy','chole_chana',0.500000,'g'),(309,'chole_gravy','onion',0.100000,'g'),(310,'chole_gravy','oil',0.050000,'ml'),(311,'chole_gravy','spices',0.020000,'g'),(312,'ghugni_gravy','ghugni_peas',0.500000,'g'),(313,'ghugni_gravy','onion',0.100000,'g'),(314,'ghugni_gravy','oil',0.050000,'ml'),(315,'ghugni_gravy','spices',0.020000,'g'),(316,'chole_gravy','chole_chana',0.500000,'g'),(317,'chole_gravy','onion',0.100000,'g'),(318,'chole_gravy','oil',0.050000,'ml'),(319,'chole_gravy','spices',0.020000,'g'),(320,'ghugni_gravy','ghugni_peas',0.500000,'g'),(321,'ghugni_gravy','onion',0.100000,'g'),(322,'ghugni_gravy','oil',0.050000,'ml'),(323,'ghugni_gravy','spices',0.020000,'g'),(324,'chole_gravy','chole_chana',0.500000,'g'),(325,'chole_gravy','onion',0.100000,'g'),(326,'chole_gravy','oil',0.050000,'ml'),(327,'chole_gravy','spices',0.020000,'g'),(328,'ghugni_gravy','ghugni_peas',0.500000,'g'),(329,'ghugni_gravy','onion',0.100000,'g'),(330,'ghugni_gravy','oil',0.050000,'ml'),(331,'ghugni_gravy','spices',0.020000,'g'),(332,'chole_gravy','chole_chana',0.500000,'g'),(333,'chole_gravy','onion',0.100000,'g'),(334,'chole_gravy','oil',0.050000,'ml'),(335,'chole_gravy','spices',0.020000,'g'),(336,'ghugni_gravy','ghugni_peas',0.500000,'g'),(337,'ghugni_gravy','onion',0.100000,'g'),(338,'ghugni_gravy','oil',0.050000,'ml'),(339,'ghugni_gravy','spices',0.020000,'g'),(340,'chole_gravy','chole_chana',0.500000,'g'),(341,'chole_gravy','onion',0.100000,'g'),(342,'chole_gravy','oil',0.050000,'ml'),(343,'chole_gravy','spices',0.020000,'g'),(344,'ghugni_gravy','ghugni_peas',0.500000,'g'),(345,'ghugni_gravy','onion',0.100000,'g'),(346,'ghugni_gravy','oil',0.050000,'ml'),(347,'ghugni_gravy','spices',0.020000,'g'),(348,'chole_gravy','chole_chana',0.500000,'g'),(349,'chole_gravy','onion',0.100000,'g'),(350,'chole_gravy','oil',0.050000,'ml'),(351,'chole_gravy','spices',0.020000,'g'),(352,'ghugni_gravy','ghugni_peas',0.500000,'g'),(353,'ghugni_gravy','onion',0.100000,'g'),(354,'ghugni_gravy','oil',0.050000,'ml'),(355,'ghugni_gravy','spices',0.020000,'g'),(356,'chole_gravy','chole_chana',0.500000,'g'),(357,'chole_gravy','onion',0.100000,'g'),(358,'chole_gravy','oil',0.050000,'ml'),(359,'chole_gravy','spices',0.020000,'g'),(360,'ghugni_gravy','ghugni_peas',0.500000,'g'),(361,'ghugni_gravy','onion',0.100000,'g'),(362,'ghugni_gravy','oil',0.050000,'ml'),(363,'ghugni_gravy','spices',0.020000,'g'),(364,'chole_gravy','chole_chana',0.500000,'g'),(365,'chole_gravy','onion',0.100000,'g'),(366,'chole_gravy','oil',0.050000,'ml'),(367,'chole_gravy','spices',0.020000,'g'),(368,'ghugni_gravy','ghugni_peas',0.500000,'g'),(369,'ghugni_gravy','onion',0.100000,'g'),(370,'ghugni_gravy','oil',0.050000,'ml'),(371,'ghugni_gravy','spices',0.020000,'g'),(372,'chole_gravy','chole_chana',0.500000,'g'),(373,'chole_gravy','onion',0.100000,'g'),(374,'chole_gravy','oil',0.050000,'ml'),(375,'chole_gravy','spices',0.020000,'g');
/*!40000 ALTER TABLE `batch_recipe_ingredients` ENABLE KEYS */;
UNLOCK TABLES;

--
-- Table structure for table `batch_recipes`
--

DROP TABLE IF EXISTS `batch_recipes`;
/*!40101 SET @saved_cs_client     = @@character_set_client */;
/*!50503 SET character_set_client = utf8mb4 */;
CREATE TABLE `batch_recipes` (
  `id` varchar(64) NOT NULL,
  `name` varchar(120) NOT NULL,
  `unit` varchar(20) DEFAULT 'g',
  `expected_yield_ratio` decimal(6,4) DEFAULT '1.0000',
  `processing_type` enum('direct','staged') DEFAULT 'direct',
  `created_at` timestamp NULL DEFAULT CURRENT_TIMESTAMP,
  `fuel_type` varchar(20) DEFAULT 'none',
  `fuel_cost` decimal(10,4) DEFAULT '0.0000',
  PRIMARY KEY (`id`)
) ENGINE=InnoDB DEFAULT CHARSET=utf8mb4 COLLATE=utf8mb4_0900_ai_ci;
/*!40101 SET character_set_client = @saved_cs_client */;

--
-- Dumping data for table `batch_recipes`
--

LOCK TABLES `batch_recipes` WRITE;
/*!40000 ALTER TABLE `batch_recipes` DISABLE KEYS */;
INSERT INTO `batch_recipes` VALUES ('chicken_keema','Chicken Keema','g',0.8000,'direct','2026-06-03 08:32:17','none',0.0000),('chicken_kosha_gravy','Chicken Kosha Gravy','portions',1.0000,'direct','2026-06-03 08:32:17','none',0.0000),('chole_gravy','Chole Gravy','g',1.0000,'direct','2026-06-05 17:54:17','none',0.0000),('chowmein_base','Chowmein Base','portions',1.0000,'direct','2026-06-03 08:32:17','none',0.0000),('ghugni_gravy','Ghugni Gravy','g',1.0000,'direct','2026-06-05 17:54:17','none',0.0000),('mughlai_dough','Mughlai Dough','pcs',1.0000,'direct','2026-06-03 08:32:17','none',0.0000),('pakora_mixture','Chicken Pakora Mixture','g',0.9000,'staged','2026-06-03 08:32:17','none',0.0000),('paneer_keema','Paneer Keema','g',0.9500,'direct','2026-06-03 08:32:17','none',0.0000),('paratha_base','Paratha Base','pcs',1.0000,'direct','2026-06-03 08:32:17','none',0.0000),('pasta_base','Pasta Base','portions',1.0000,'direct','2026-06-03 08:32:17','none',0.0000);
/*!40000 ALTER TABLE `batch_recipes` ENABLE KEYS */;
UNLOCK TABLES;

--
-- Table structure for table `custom_expense_items`
--

DROP TABLE IF EXISTS `custom_expense_items`;
/*!40101 SET @saved_cs_client     = @@character_set_client */;
/*!50503 SET character_set_client = utf8mb4 */;
CREATE TABLE `custom_expense_items` (
  `id` int NOT NULL AUTO_INCREMENT,
  `item_name` varchar(120) NOT NULL,
  PRIMARY KEY (`id`),
  UNIQUE KEY `item_name` (`item_name`)
) ENGINE=InnoDB AUTO_INCREMENT=4 DEFAULT CHARSET=utf8mb4 COLLATE=utf8mb4_0900_ai_ci;
/*!40101 SET character_set_client = @saved_cs_client */;

--
-- Dumping data for table `custom_expense_items`
--

LOCK TABLES `custom_expense_items` WRITE;
/*!40000 ALTER TABLE `custom_expense_items` DISABLE KEYS */;
INSERT INTO `custom_expense_items` VALUES (3,'Egg Carton'),(1,'Mobile Recharge'),(2,'petrol');
/*!40000 ALTER TABLE `custom_expense_items` ENABLE KEYS */;
UNLOCK TABLES;

--
-- Table structure for table `custom_suppliers`
--

DROP TABLE IF EXISTS `custom_suppliers`;
/*!40101 SET @saved_cs_client     = @@character_set_client */;
/*!50503 SET character_set_client = utf8mb4 */;
CREATE TABLE `custom_suppliers` (
  `id` int NOT NULL AUTO_INCREMENT,
  `supplier_name` varchar(120) NOT NULL,
  PRIMARY KEY (`id`),
  UNIQUE KEY `supplier_name` (`supplier_name`)
) ENGINE=InnoDB AUTO_INCREMENT=14 DEFAULT CHARSET=utf8mb4 COLLATE=utf8mb4_0900_ai_ci;
/*!40101 SET character_set_client = @saved_cs_client */;

--
-- Dumping data for table `custom_suppliers`
--

LOCK TABLES `custom_suppliers` WRITE;
/*!40000 ALTER TABLE `custom_suppliers` DISABLE KEYS */;
INSERT INTO `custom_suppliers` VALUES (8,'Amul Store'),(1,'Apex Poultry'),(7,'Chong noodles'),(4,'Egg Vendor'),(5,'Fortune Retail'),(3,'Ganesh Flour Mill'),(12,'indian oil'),(11,'jio'),(10,'Kissan Depot'),(2,'Maa Dairy'),(6,'Sabji Mandi'),(9,'Sunrise Spices');
/*!40000 ALTER TABLE `custom_suppliers` ENABLE KEYS */;
UNLOCK TABLES;

--
-- Table structure for table `day_history`
--

DROP TABLE IF EXISTS `day_history`;
/*!40101 SET @saved_cs_client     = @@character_set_client */;
/*!50503 SET character_set_client = utf8mb4 */;
CREATE TABLE `day_history` (
  `id` varchar(32) NOT NULL,
  `report_date` date NOT NULL,
  `order_count` int DEFAULT '0',
  `revenue` decimal(12,2) DEFAULT '0.00',
  `expenses` decimal(12,2) DEFAULT '0.00',
  `net_profit` decimal(12,2) DEFAULT '0.00',
  `source_breakdown` json DEFAULT NULL,
  `item_sales` json DEFAULT NULL,
  `inventory_snapshot` json DEFAULT NULL,
  `created_at` timestamp NULL DEFAULT CURRENT_TIMESTAMP,
  PRIMARY KEY (`id`)
) ENGINE=InnoDB DEFAULT CHARSET=utf8mb4 COLLATE=utf8mb4_0900_ai_ci;
/*!40101 SET character_set_client = @saved_cs_client */;

--
-- Dumping data for table `day_history`
--

LOCK TABLES `day_history` WRITE;
/*!40000 ALTER TABLE `day_history` DISABLE KEYS */;
INSERT INTO `day_history` VALUES ('REP-2026-07-06','2026-07-06',0,0.00,0.00,0.00,'{\"SWIGGY\": 0, \"ZOMATO\": 0, \"DINE_IN\": 0, \"TAKEAWAY\": 0, \"PHONE_ORDER\": 0}','{}','{\"raw\": {\"egg\": {\"name\": \"Egg\", \"stock\": \"0.0000\"}, \"oil\": {\"name\": \"Cooking Oil\", \"stock\": \"0.0000\"}, \"flour\": {\"name\": \"Flour\", \"stock\": \"0.0000\"}, \"onion\": {\"name\": \"Onions\", \"stock\": \"0.0000\"}, \"pasta\": {\"name\": \"Raw Pasta\", \"stock\": \"0.0000\"}, \"sauce\": {\"name\": \"Sauces & Condiments\", \"stock\": \"0.0000\"}, \"cheese\": {\"name\": \"Cheese Block\", \"stock\": \"0.0000\"}, \"paneer\": {\"name\": \"Paneer\", \"stock\": \"0.0000\"}, \"spices\": {\"name\": \"Mix Spices\", \"stock\": \"0.0000\"}, \"noodles\": {\"name\": \"Raw Noodles\", \"stock\": \"0.0000\"}, \"capsicum\": {\"name\": \"Capsicum\", \"stock\": \"0.0000\"}, \"chole_chana\": {\"name\": \"Chole Chana\", \"stock\": \"0.0000\"}, \"ghugni_peas\": {\"name\": \"Ghugni Peas\", \"stock\": \"0.0000\"}, \"raw_chicken\": {\"name\": \"Raw Chicken\", \"stock\": \"0.0000\"}}, \"prepared\": {\"pasta_base\": {\"name\": \"Pasta Base\", \"stock\": \"0.0000\"}, \"paratha_base\": {\"name\": \"Paratha Base\", \"stock\": \"0.0000\"}, \"chowmein_base\": {\"name\": \"Chowmein Base\", \"stock\": \"0.0000\"}, \"mughlai_dough\": {\"name\": \"Mughlai Dough\", \"stock\": \"0.0000\"}}, \"intermediate\": {\"chole_gravy\": {\"name\": \"Chole Gravy\", \"stock\": \"0.0000\"}, \"ghugni_gravy\": {\"name\": \"Ghugni Gravy\", \"stock\": \"0.0000\"}, \"paneer_keema\": {\"name\": \"Paneer Keema\", \"stock\": \"0.0000\"}, \"chicken_keema\": {\"name\": \"Chicken Keema\", \"stock\": \"0.0000\"}, \"pakora_mixture\": {\"name\": \"Chicken Pakora Mixture\", \"stock\": \"0.0000\"}, \"chicken_kosha_gravy\": {\"name\": \"Chicken Kosha Gravy\", \"stock\": \"0.0000\"}}}','2026-07-06 17:06:58');
/*!40000 ALTER TABLE `day_history` ENABLE KEYS */;
UNLOCK TABLES;

--
-- Table structure for table `egg_tracking`
--

DROP TABLE IF EXISTS `egg_tracking`;
/*!40101 SET @saved_cs_client     = @@character_set_client */;
/*!50503 SET character_set_client = utf8mb4 */;
CREATE TABLE `egg_tracking` (
  `id` int NOT NULL AUTO_INCREMENT,
  `tracking_date` date NOT NULL,
  `opening_stock` int DEFAULT '0',
  `purchased` int DEFAULT '0',
  `rotten` int DEFAULT '0',
  `used_in_prep` int DEFAULT '0',
  `used_in_menu` int DEFAULT '0',
  `closing_stock` int DEFAULT '0',
  `recommended_price` decimal(10,2) DEFAULT '0.00',
  `created_at` timestamp NULL DEFAULT CURRENT_TIMESTAMP,
  PRIMARY KEY (`id`),
  UNIQUE KEY `tracking_date` (`tracking_date`)
) ENGINE=InnoDB DEFAULT CHARSET=utf8mb4 COLLATE=utf8mb4_0900_ai_ci;
/*!40101 SET character_set_client = @saved_cs_client */;

--
-- Dumping data for table `egg_tracking`
--

LOCK TABLES `egg_tracking` WRITE;
/*!40000 ALTER TABLE `egg_tracking` DISABLE KEYS */;
/*!40000 ALTER TABLE `egg_tracking` ENABLE KEYS */;
UNLOCK TABLES;

--
-- Table structure for table `expenses`
--

DROP TABLE IF EXISTS `expenses`;
/*!40101 SET @saved_cs_client     = @@character_set_client */;
/*!50503 SET character_set_client = utf8mb4 */;
CREATE TABLE `expenses` (
  `id` varchar(32) NOT NULL,
  `expense_date` date NOT NULL,
  `item_name` varchar(120) NOT NULL,
  `quantity` decimal(10,4) DEFAULT '1.0000',
  `unit` varchar(30) DEFAULT 'pcs',
  `cost` decimal(10,2) NOT NULL,
  `supplier` varchar(120) DEFAULT '',
  `raw_ingredient_id` varchar(64) DEFAULT NULL,
  `created_at` timestamp NULL DEFAULT CURRENT_TIMESTAMP,
  PRIMARY KEY (`id`)
) ENGINE=InnoDB DEFAULT CHARSET=utf8mb4 COLLATE=utf8mb4_0900_ai_ci;
/*!40101 SET character_set_client = @saved_cs_client */;

--
-- Dumping data for table `expenses`
--

LOCK TABLES `expenses` WRITE;
/*!40000 ALTER TABLE `expenses` DISABLE KEYS */;
/*!40000 ALTER TABLE `expenses` ENABLE KEYS */;
UNLOCK TABLES;

--
-- Table structure for table `intermediate_stock`
--

DROP TABLE IF EXISTS `intermediate_stock`;
/*!40101 SET @saved_cs_client     = @@character_set_client */;
/*!50503 SET character_set_client = utf8mb4 */;
CREATE TABLE `intermediate_stock` (
  `id` varchar(64) NOT NULL,
  `name` varchar(120) NOT NULL,
  `stock` decimal(12,4) DEFAULT '0.0000',
  `reserved` decimal(12,4) DEFAULT '0.0000',
  `min_stock` decimal(12,4) DEFAULT '0.0000',
  `unit` varchar(20) DEFAULT 'g',
  `item_type` enum('intermediate','prepared') DEFAULT 'intermediate',
  `created_at` timestamp NULL DEFAULT CURRENT_TIMESTAMP,
  PRIMARY KEY (`id`)
) ENGINE=InnoDB DEFAULT CHARSET=utf8mb4 COLLATE=utf8mb4_0900_ai_ci;
/*!40101 SET character_set_client = @saved_cs_client */;

--
-- Dumping data for table `intermediate_stock`
--

LOCK TABLES `intermediate_stock` WRITE;
/*!40000 ALTER TABLE `intermediate_stock` DISABLE KEYS */;
INSERT INTO `intermediate_stock` VALUES ('chicken_keema','Chicken Keema',0.0000,0.0000,1500.0000,'g','intermediate','2026-06-03 08:32:16'),('chicken_kosha_gravy','Chicken Kosha Gravy',0.0000,0.0000,5.0000,'portions','intermediate','2026-06-03 08:32:16'),('chole_gravy','Chole Gravy',0.0000,0.0000,1000.0000,'g','intermediate','2026-06-05 17:54:17'),('chowmein_base','Chowmein Base',0.0000,0.0000,10.0000,'portions','prepared','2026-06-03 08:32:16'),('ghugni_gravy','Ghugni Gravy',0.0000,0.0000,1000.0000,'g','intermediate','2026-06-05 17:54:17'),('mughlai_dough','Mughlai Dough',0.0000,0.0000,10.0000,'pcs','prepared','2026-06-03 08:32:16'),('pakora_mixture','Chicken Pakora Mixture',0.0000,0.0000,1000.0000,'g','intermediate','2026-06-03 08:32:16'),('paneer_keema','Paneer Keema',0.0000,0.0000,1000.0000,'g','intermediate','2026-06-03 08:32:16'),('paratha_base','Paratha Base',0.0000,0.0000,30.0000,'pcs','prepared','2026-06-03 08:32:16'),('pasta_base','Pasta Base',0.0000,0.0000,10.0000,'portions','prepared','2026-06-03 08:32:16');
/*!40000 ALTER TABLE `intermediate_stock` ENABLE KEYS */;
UNLOCK TABLES;

--
-- Table structure for table `menu_items`
--

DROP TABLE IF EXISTS `menu_items`;
/*!40101 SET @saved_cs_client     = @@character_set_client */;
/*!50503 SET character_set_client = utf8mb4 */;
CREATE TABLE `menu_items` (
  `id` varchar(64) NOT NULL,
  `name` varchar(120) NOT NULL,
  `station_id` varchar(64) DEFAULT NULL,
  `prep_time` int DEFAULT '3',
  `active` tinyint(1) DEFAULT '1',
  `image_path` varchar(255) DEFAULT NULL,
  `created_at` timestamp NULL DEFAULT CURRENT_TIMESTAMP,
  `food_type` varchar(20) DEFAULT 'non-veg',
  `sort_order` int DEFAULT '0',
  PRIMARY KEY (`id`),
  KEY `station_id` (`station_id`),
  CONSTRAINT `menu_items_ibfk_1` FOREIGN KEY (`station_id`) REFERENCES `stations` (`id`) ON DELETE SET NULL
) ENGINE=InnoDB DEFAULT CHARSET=utf8mb4 COLLATE=utf8mb4_0900_ai_ci;
/*!40101 SET character_set_client = @saved_cs_client */;

--
-- Dumping data for table `menu_items`
--

LOCK TABLES `menu_items` WRITE;
/*!40000 ALTER TABLE `menu_items` DISABLE KEYS */;
INSERT INTO `menu_items` VALUES ('chicken_chowmein','Chicken Chowmein','tawa',4,1,NULL,'2026-06-03 08:32:17','non-veg',3),('chicken_pakora','Chicken Pakora','deep_fry',4,1,NULL,'2026-06-03 08:32:17','non-veg',25),('chicken_paratha','Chicken Paratha','tawa',4,1,NULL,'2026-06-05 17:54:18','non-veg',28),('chicken_pasta','Chicken Pasta','tawa',3,1,NULL,'2026-06-04 09:23:55','non-veg',11),('chicken_roll','Chicken Roll','tawa',3,1,NULL,'2026-06-03 08:32:17','non-veg',17),('chola_bhatura','Chola Bhatura','deep_fry',4,1,NULL,'2026-06-05 17:54:18','veg',27),('double_egg_chowmein','Double Egg Chowmein','chilley',4,1,NULL,'2026-07-06 16:29:19','egg',6),('double_egg_moghlai','Double Egg moghlai','tawa',3,1,NULL,'2026-06-05 18:38:48','non-veg',22),('double_egg_pasta','Double Egg Pasta','chilley',4,1,NULL,'2026-07-06 16:29:19','egg',7),('double_egg_roll','Double Egg Roll','tawa',3,1,NULL,'2026-07-06 16:29:19','egg',15),('egg','Egg','reception',1,1,NULL,'2026-07-06 16:29:20','egg',30),('egg_chicken_chowmein','Egg Chicken Chowmein','tawa',3,1,NULL,'2026-06-04 09:05:30','non-veg',5),('egg_chicken_moghlai','Egg Chicken moghlai','tawa',3,1,NULL,'2026-06-05 18:38:48','non-veg',23),('egg_chicken_pasta','Egg Chicken Pasta','tawa',3,1,NULL,'2026-06-04 09:23:55','non-veg',13),('egg_chicken_roll','Egg Chicken Roll','tawa',3,1,NULL,'2026-06-04 09:09:27','non-veg',19),('egg_chowmein','Egg Chowmein','tawa',3,1,NULL,'2026-06-04 09:26:09','non-veg',1),('egg_moghlai','Egg moghlai','tawa',3,1,NULL,'2026-06-05 18:38:48','non-veg',21),('egg_paneer_chowmein','Egg Paneer Chowmein','tawa',3,1,NULL,'2026-06-04 09:04:52','non-veg',4),('egg_paneer_moghlai','Egg Paneer moghlai','tawa',3,1,NULL,'2026-06-05 18:38:48','non-veg',24),('egg_paneer_pasta','Egg Paneer Pasta','tawa',3,1,NULL,'2026-06-04 09:23:55','non-veg',12),('egg_paneer_roll','Egg Paneer Roll','tawa',3,1,NULL,'2026-06-04 09:09:00','non-veg',18),('egg_pasta','Egg Pasta','tawa',3,1,NULL,'2026-06-04 09:23:55','non-veg',9),('egg_roll','Egg Roll','tawa',3,1,NULL,'2026-07-06 12:28:02','non-veg',14),('gogni_paratha','Gogni Paratha','tawa',4,1,NULL,'2026-06-05 17:54:18','veg',26),('paneer_chowmein','Paneer Chowmein','tawa',3,1,NULL,'2026-06-04 08:54:36','non-veg',2),('paneer_pasta','Paneer Pasta','tawa',3,1,NULL,'2026-06-04 09:23:55','non-veg',10),('paneer_roll','Paneer Roll','tawa',3,1,NULL,'2026-06-04 09:07:44','non-veg',16),('paratha','Paratha','tawa',3,1,NULL,'2026-06-05 19:32:51','non-veg',29),('veg_chowmein','Veg Chowmein','tawa',4,1,NULL,'2026-06-03 08:32:17','veg',0),('veg_pasta','Veg Pasta','tawa',3,1,NULL,'2026-06-04 09:23:55','non-veg',8),('veg_roll','Veg Roll','tawa',3,1,NULL,'2026-07-06 16:29:20','veg',20);
/*!40000 ALTER TABLE `menu_items` ENABLE KEYS */;
UNLOCK TABLES;

--
-- Table structure for table `menu_recipes`
--

DROP TABLE IF EXISTS `menu_recipes`;
/*!40101 SET @saved_cs_client     = @@character_set_client */;
/*!50503 SET character_set_client = utf8mb4 */;
CREATE TABLE `menu_recipes` (
  `id` int NOT NULL AUTO_INCREMENT,
  `menu_item_id` varchar(64) NOT NULL,
  `ingredient_id` varchar(64) NOT NULL,
  `ingredient_type` enum('raw','intermediate','prepared') DEFAULT 'intermediate',
  `quantity` decimal(10,4) NOT NULL,
  `unit` varchar(20) DEFAULT 'g',
  PRIMARY KEY (`id`),
  KEY `menu_item_id` (`menu_item_id`),
  CONSTRAINT `menu_recipes_ibfk_1` FOREIGN KEY (`menu_item_id`) REFERENCES `menu_items` (`id`) ON DELETE CASCADE
) ENGINE=InnoDB AUTO_INCREMENT=3893 DEFAULT CHARSET=utf8mb4 COLLATE=utf8mb4_0900_ai_ci;
/*!40101 SET character_set_client = @saved_cs_client */;

--
-- Dumping data for table `menu_recipes`
--

LOCK TABLES `menu_recipes` WRITE;
/*!40000 ALTER TABLE `menu_recipes` DISABLE KEYS */;
INSERT INTO `menu_recipes` VALUES (45,'veg_pasta','pasta_base','prepared',1.0000,'portions'),(46,'veg_pasta','onion','raw',10.0000,'g'),(47,'veg_pasta','capsicum','raw',10.0000,'g'),(48,'veg_pasta','sauce','raw',10.0000,'g'),(49,'egg_pasta','pasta_base','prepared',1.0000,'portions'),(50,'egg_pasta','egg','raw',1.0000,'pcs'),(51,'egg_pasta','onion','raw',10.0000,'g'),(52,'egg_pasta','capsicum','raw',10.0000,'g'),(53,'egg_pasta','sauce','raw',10.0000,'g'),(54,'paneer_pasta','pasta_base','prepared',1.0000,'portions'),(55,'paneer_pasta','paneer_keema','intermediate',60.0000,'g'),(56,'paneer_pasta','onion','raw',10.0000,'g'),(57,'paneer_pasta','capsicum','raw',10.0000,'g'),(58,'paneer_pasta','sauce','raw',10.0000,'g'),(59,'egg_chicken_pasta','pasta_base','prepared',1.0000,'portions'),(60,'egg_chicken_pasta','egg','raw',1.0000,'pcs'),(61,'egg_chicken_pasta','chicken_keema','intermediate',60.0000,'g'),(62,'egg_chicken_pasta','onion','raw',10.0000,'g'),(63,'egg_chicken_pasta','capsicum','raw',10.0000,'g'),(64,'egg_chicken_pasta','sauce','raw',10.0000,'g'),(65,'egg_paneer_pasta','pasta_base','prepared',1.0000,'portions'),(66,'egg_paneer_pasta','egg','raw',1.0000,'pcs'),(67,'egg_paneer_pasta','paneer_keema','intermediate',60.0000,'g'),(68,'egg_paneer_pasta','onion','raw',10.0000,'g'),(69,'egg_paneer_pasta','capsicum','raw',10.0000,'g'),(70,'egg_paneer_pasta','sauce','raw',10.0000,'g'),(71,'egg_chowmein','chowmein_base','prepared',1.0000,'portions'),(72,'egg_chowmein','egg','raw',1.0000,'pcs'),(73,'egg_chowmein','onion','raw',20.0000,'g'),(74,'egg_chowmein','capsicum','raw',20.0000,'g'),(75,'egg_chowmein','sauce','raw',10.0000,'g'),(76,'paneer_chowmein','chowmein_base','prepared',1.0000,'portions'),(77,'paneer_chowmein','paneer_keema','intermediate',60.0000,'g'),(78,'paneer_chowmein','onion','raw',20.0000,'g'),(79,'paneer_chowmein','capsicum','raw',20.0000,'g'),(80,'paneer_chowmein','sauce','raw',10.0000,'g'),(81,'egg_chicken_chowmein','chowmein_base','prepared',1.0000,'portions'),(82,'egg_chicken_chowmein','egg','raw',1.0000,'pcs'),(83,'egg_chicken_chowmein','chicken_keema','intermediate',60.0000,'g'),(84,'egg_chicken_chowmein','onion','raw',20.0000,'g'),(85,'egg_chicken_chowmein','capsicum','raw',20.0000,'g'),(86,'egg_chicken_chowmein','sauce','raw',10.0000,'g'),(87,'egg_paneer_chowmein','chowmein_base','prepared',1.0000,'portions'),(88,'egg_paneer_chowmein','egg','raw',1.0000,'pcs'),(89,'egg_paneer_chowmein','paneer_keema','intermediate',60.0000,'g'),(90,'egg_paneer_chowmein','onion','raw',20.0000,'g'),(91,'egg_paneer_chowmein','capsicum','raw',20.0000,'g'),(92,'egg_paneer_chowmein','sauce','raw',10.0000,'g'),(96,'paneer_roll','paratha_base','prepared',1.0000,'pcs'),(97,'paneer_roll','paneer_keema','intermediate',80.0000,'g'),(98,'paneer_roll','onion','raw',20.0000,'g'),(99,'paneer_roll','sauce','raw',10.0000,'g'),(100,'egg_chicken_roll','paratha_base','prepared',1.0000,'pcs'),(101,'egg_chicken_roll','egg','raw',1.0000,'pcs'),(102,'egg_chicken_roll','chicken_keema','intermediate',80.0000,'g'),(103,'egg_chicken_roll','onion','raw',20.0000,'g'),(104,'egg_chicken_roll','sauce','raw',10.0000,'g'),(105,'egg_paneer_roll','paratha_base','prepared',1.0000,'pcs'),(106,'egg_paneer_roll','egg','raw',1.0000,'pcs'),(107,'egg_paneer_roll','paneer_keema','intermediate',80.0000,'g'),(108,'egg_paneer_roll','onion','raw',20.0000,'g'),(109,'egg_paneer_roll','sauce','raw',10.0000,'g'),(110,'chicken_paratha','paratha_base','prepared',1.0000,'pcs'),(111,'chicken_paratha','chicken_keema','intermediate',80.0000,'g'),(112,'chicken_paratha','onion','raw',20.0000,'g'),(113,'gogni_paratha','paratha_base','prepared',1.0000,'pcs'),(114,'gogni_paratha','ghugni_gravy','intermediate',150.0000,'g'),(115,'chola_bhatura','flour','raw',100.0000,'g'),(116,'chola_bhatura','oil','raw',30.0000,'ml'),(117,'chola_bhatura','chole_gravy','intermediate',150.0000,'g'),(118,'double_egg_moghlai','egg','raw',1.0000,'pcs'),(119,'double_egg_moghlai','egg','raw',2.0000,'pcs'),(134,'veg_pasta','pasta_base','prepared',1.0000,'portions'),(135,'veg_pasta','onion','raw',10.0000,'g'),(136,'veg_pasta','capsicum','raw',10.0000,'g'),(137,'veg_pasta','sauce','raw',10.0000,'g'),(138,'egg_pasta','pasta_base','prepared',1.0000,'portions'),(139,'egg_pasta','egg','raw',1.0000,'pcs'),(140,'egg_pasta','onion','raw',10.0000,'g'),(141,'egg_pasta','capsicum','raw',10.0000,'g'),(142,'egg_pasta','sauce','raw',10.0000,'g'),(143,'paneer_pasta','pasta_base','prepared',1.0000,'portions'),(144,'paneer_pasta','paneer_keema','intermediate',60.0000,'g'),(145,'paneer_pasta','onion','raw',10.0000,'g'),(146,'paneer_pasta','capsicum','raw',10.0000,'g'),(147,'paneer_pasta','sauce','raw',10.0000,'g'),(148,'egg_chicken_pasta','pasta_base','prepared',1.0000,'portions'),(149,'egg_chicken_pasta','egg','raw',1.0000,'pcs'),(150,'egg_chicken_pasta','chicken_keema','intermediate',60.0000,'g'),(151,'egg_chicken_pasta','onion','raw',10.0000,'g'),(152,'egg_chicken_pasta','capsicum','raw',10.0000,'g'),(153,'egg_chicken_pasta','sauce','raw',10.0000,'g'),(154,'egg_paneer_pasta','pasta_base','prepared',1.0000,'portions'),(155,'egg_paneer_pasta','egg','raw',1.0000,'pcs'),(156,'egg_paneer_pasta','paneer_keema','intermediate',60.0000,'g'),(157,'egg_paneer_pasta','onion','raw',10.0000,'g'),(158,'egg_paneer_pasta','capsicum','raw',10.0000,'g'),(159,'egg_paneer_pasta','sauce','raw',10.0000,'g'),(160,'egg_chowmein','chowmein_base','prepared',1.0000,'portions'),(161,'egg_chowmein','egg','raw',1.0000,'pcs'),(162,'egg_chowmein','onion','raw',20.0000,'g'),(163,'egg_chowmein','capsicum','raw',20.0000,'g'),(164,'egg_chowmein','sauce','raw',10.0000,'g'),(165,'paneer_chowmein','chowmein_base','prepared',1.0000,'portions'),(166,'paneer_chowmein','paneer_keema','intermediate',60.0000,'g'),(167,'paneer_chowmein','onion','raw',20.0000,'g'),(168,'paneer_chowmein','capsicum','raw',20.0000,'g'),(169,'paneer_chowmein','sauce','raw',10.0000,'g'),(170,'egg_chicken_chowmein','chowmein_base','prepared',1.0000,'portions'),(171,'egg_chicken_chowmein','egg','raw',1.0000,'pcs'),(172,'egg_chicken_chowmein','chicken_keema','intermediate',60.0000,'g'),(173,'egg_chicken_chowmein','onion','raw',20.0000,'g'),(174,'egg_chicken_chowmein','capsicum','raw',20.0000,'g'),(175,'egg_chicken_chowmein','sauce','raw',10.0000,'g'),(176,'egg_paneer_chowmein','chowmein_base','prepared',1.0000,'portions'),(177,'egg_paneer_chowmein','egg','raw',1.0000,'pcs'),(178,'egg_paneer_chowmein','paneer_keema','intermediate',60.0000,'g'),(179,'egg_paneer_chowmein','onion','raw',20.0000,'g'),(180,'egg_paneer_chowmein','capsicum','raw',20.0000,'g'),(181,'egg_paneer_chowmein','sauce','raw',10.0000,'g'),(185,'paneer_roll','paratha_base','prepared',1.0000,'pcs'),(186,'paneer_roll','paneer_keema','intermediate',80.0000,'g'),(187,'paneer_roll','onion','raw',20.0000,'g'),(188,'paneer_roll','sauce','raw',10.0000,'g'),(189,'egg_chicken_roll','paratha_base','prepared',1.0000,'pcs'),(190,'egg_chicken_roll','egg','raw',1.0000,'pcs'),(191,'egg_chicken_roll','chicken_keema','intermediate',80.0000,'g'),(192,'egg_chicken_roll','onion','raw',20.0000,'g'),(193,'egg_chicken_roll','sauce','raw',10.0000,'g'),(194,'egg_paneer_roll','paratha_base','prepared',1.0000,'pcs'),(195,'egg_paneer_roll','egg','raw',1.0000,'pcs'),(196,'egg_paneer_roll','paneer_keema','intermediate',80.0000,'g'),(197,'egg_paneer_roll','onion','raw',20.0000,'g'),(198,'egg_paneer_roll','sauce','raw',10.0000,'g'),(199,'chicken_paratha','paratha_base','prepared',1.0000,'pcs'),(200,'chicken_paratha','chicken_keema','intermediate',80.0000,'g'),(201,'chicken_paratha','onion','raw',20.0000,'g'),(202,'gogni_paratha','paratha_base','prepared',1.0000,'pcs'),(203,'gogni_paratha','ghugni_gravy','intermediate',150.0000,'g'),(204,'chola_bhatura','flour','raw',100.0000,'g'),(205,'chola_bhatura','oil','raw',30.0000,'ml'),(206,'chola_bhatura','chole_gravy','intermediate',150.0000,'g'),(221,'veg_pasta','pasta_base','prepared',1.0000,'portions'),(222,'veg_pasta','onion','raw',10.0000,'g'),(223,'veg_pasta','capsicum','raw',10.0000,'g'),(224,'veg_pasta','sauce','raw',10.0000,'g'),(225,'egg_pasta','pasta_base','prepared',1.0000,'portions'),(226,'egg_pasta','egg','raw',1.0000,'pcs'),(227,'egg_pasta','onion','raw',10.0000,'g'),(228,'egg_pasta','capsicum','raw',10.0000,'g'),(229,'egg_pasta','sauce','raw',10.0000,'g'),(230,'paneer_pasta','pasta_base','prepared',1.0000,'portions'),(231,'paneer_pasta','paneer_keema','intermediate',60.0000,'g'),(232,'paneer_pasta','onion','raw',10.0000,'g'),(233,'paneer_pasta','capsicum','raw',10.0000,'g'),(234,'paneer_pasta','sauce','raw',10.0000,'g'),(235,'egg_chicken_pasta','pasta_base','prepared',1.0000,'portions'),(236,'egg_chicken_pasta','egg','raw',1.0000,'pcs'),(237,'egg_chicken_pasta','chicken_keema','intermediate',60.0000,'g'),(238,'egg_chicken_pasta','onion','raw',10.0000,'g'),(239,'egg_chicken_pasta','capsicum','raw',10.0000,'g'),(240,'egg_chicken_pasta','sauce','raw',10.0000,'g'),(241,'egg_paneer_pasta','pasta_base','prepared',1.0000,'portions'),(242,'egg_paneer_pasta','egg','raw',1.0000,'pcs'),(243,'egg_paneer_pasta','paneer_keema','intermediate',60.0000,'g'),(244,'egg_paneer_pasta','onion','raw',10.0000,'g'),(245,'egg_paneer_pasta','capsicum','raw',10.0000,'g'),(246,'egg_paneer_pasta','sauce','raw',10.0000,'g'),(247,'egg_chowmein','chowmein_base','prepared',1.0000,'portions'),(248,'egg_chowmein','egg','raw',1.0000,'pcs'),(249,'egg_chowmein','onion','raw',20.0000,'g'),(250,'egg_chowmein','capsicum','raw',20.0000,'g'),(251,'egg_chowmein','sauce','raw',10.0000,'g'),(252,'paneer_chowmein','chowmein_base','prepared',1.0000,'portions'),(253,'paneer_chowmein','paneer_keema','intermediate',60.0000,'g'),(254,'paneer_chowmein','onion','raw',20.0000,'g'),(255,'paneer_chowmein','capsicum','raw',20.0000,'g'),(256,'paneer_chowmein','sauce','raw',10.0000,'g'),(257,'egg_chicken_chowmein','chowmein_base','prepared',1.0000,'portions'),(258,'egg_chicken_chowmein','egg','raw',1.0000,'pcs'),(259,'egg_chicken_chowmein','chicken_keema','intermediate',60.0000,'g'),(260,'egg_chicken_chowmein','onion','raw',20.0000,'g'),(261,'egg_chicken_chowmein','capsicum','raw',20.0000,'g'),(262,'egg_chicken_chowmein','sauce','raw',10.0000,'g'),(263,'egg_paneer_chowmein','chowmein_base','prepared',1.0000,'portions'),(264,'egg_paneer_chowmein','egg','raw',1.0000,'pcs'),(265,'egg_paneer_chowmein','paneer_keema','intermediate',60.0000,'g'),(266,'egg_paneer_chowmein','onion','raw',20.0000,'g'),(267,'egg_paneer_chowmein','capsicum','raw',20.0000,'g'),(268,'egg_paneer_chowmein','sauce','raw',10.0000,'g'),(272,'paneer_roll','paratha_base','prepared',1.0000,'pcs'),(273,'paneer_roll','paneer_keema','intermediate',80.0000,'g'),(274,'paneer_roll','onion','raw',20.0000,'g'),(275,'paneer_roll','sauce','raw',10.0000,'g'),(276,'egg_chicken_roll','paratha_base','prepared',1.0000,'pcs'),(277,'egg_chicken_roll','egg','raw',1.0000,'pcs'),(278,'egg_chicken_roll','chicken_keema','intermediate',80.0000,'g'),(279,'egg_chicken_roll','onion','raw',20.0000,'g'),(280,'egg_chicken_roll','sauce','raw',10.0000,'g'),(281,'egg_paneer_roll','paratha_base','prepared',1.0000,'pcs'),(282,'egg_paneer_roll','egg','raw',1.0000,'pcs'),(283,'egg_paneer_roll','paneer_keema','intermediate',80.0000,'g'),(284,'egg_paneer_roll','onion','raw',20.0000,'g'),(285,'egg_paneer_roll','sauce','raw',10.0000,'g'),(286,'chicken_paratha','paratha_base','prepared',1.0000,'pcs'),(287,'chicken_paratha','chicken_keema','intermediate',80.0000,'g'),(288,'chicken_paratha','onion','raw',20.0000,'g'),(289,'gogni_paratha','paratha_base','prepared',1.0000,'pcs'),(290,'gogni_paratha','ghugni_gravy','intermediate',150.0000,'g'),(291,'chola_bhatura','flour','raw',100.0000,'g'),(292,'chola_bhatura','oil','raw',30.0000,'ml'),(293,'chola_bhatura','chole_gravy','intermediate',150.0000,'g'),(308,'veg_pasta','pasta_base','prepared',1.0000,'portions'),(309,'veg_pasta','onion','raw',10.0000,'g'),(310,'veg_pasta','capsicum','raw',10.0000,'g'),(311,'veg_pasta','sauce','raw',10.0000,'g'),(312,'egg_pasta','pasta_base','prepared',1.0000,'portions'),(313,'egg_pasta','egg','raw',1.0000,'pcs'),(314,'egg_pasta','onion','raw',10.0000,'g'),(315,'egg_pasta','capsicum','raw',10.0000,'g'),(316,'egg_pasta','sauce','raw',10.0000,'g'),(317,'paneer_pasta','pasta_base','prepared',1.0000,'portions'),(318,'paneer_pasta','paneer_keema','intermediate',60.0000,'g'),(319,'paneer_pasta','onion','raw',10.0000,'g'),(320,'paneer_pasta','capsicum','raw',10.0000,'g'),(321,'paneer_pasta','sauce','raw',10.0000,'g'),(322,'egg_chicken_pasta','pasta_base','prepared',1.0000,'portions'),(323,'egg_chicken_pasta','egg','raw',1.0000,'pcs'),(324,'egg_chicken_pasta','chicken_keema','intermediate',60.0000,'g'),(325,'egg_chicken_pasta','onion','raw',10.0000,'g'),(326,'egg_chicken_pasta','capsicum','raw',10.0000,'g'),(327,'egg_chicken_pasta','sauce','raw',10.0000,'g'),(328,'egg_paneer_pasta','pasta_base','prepared',1.0000,'portions'),(329,'egg_paneer_pasta','egg','raw',1.0000,'pcs'),(330,'egg_paneer_pasta','paneer_keema','intermediate',60.0000,'g'),(331,'egg_paneer_pasta','onion','raw',10.0000,'g'),(332,'egg_paneer_pasta','capsicum','raw',10.0000,'g'),(333,'egg_paneer_pasta','sauce','raw',10.0000,'g'),(334,'egg_chowmein','chowmein_base','prepared',1.0000,'portions'),(335,'egg_chowmein','egg','raw',1.0000,'pcs'),(336,'egg_chowmein','onion','raw',20.0000,'g'),(337,'egg_chowmein','capsicum','raw',20.0000,'g'),(338,'egg_chowmein','sauce','raw',10.0000,'g'),(339,'paneer_chowmein','chowmein_base','prepared',1.0000,'portions'),(340,'paneer_chowmein','paneer_keema','intermediate',60.0000,'g'),(341,'paneer_chowmein','onion','raw',20.0000,'g'),(342,'paneer_chowmein','capsicum','raw',20.0000,'g'),(343,'paneer_chowmein','sauce','raw',10.0000,'g'),(344,'egg_chicken_chowmein','chowmein_base','prepared',1.0000,'portions'),(345,'egg_chicken_chowmein','egg','raw',1.0000,'pcs'),(346,'egg_chicken_chowmein','chicken_keema','intermediate',60.0000,'g'),(347,'egg_chicken_chowmein','onion','raw',20.0000,'g'),(348,'egg_chicken_chowmein','capsicum','raw',20.0000,'g'),(349,'egg_chicken_chowmein','sauce','raw',10.0000,'g'),(350,'egg_paneer_chowmein','chowmein_base','prepared',1.0000,'portions'),(351,'egg_paneer_chowmein','egg','raw',1.0000,'pcs'),(352,'egg_paneer_chowmein','paneer_keema','intermediate',60.0000,'g'),(353,'egg_paneer_chowmein','onion','raw',20.0000,'g'),(354,'egg_paneer_chowmein','capsicum','raw',20.0000,'g'),(355,'egg_paneer_chowmein','sauce','raw',10.0000,'g'),(359,'paneer_roll','paratha_base','prepared',1.0000,'pcs'),(360,'paneer_roll','paneer_keema','intermediate',80.0000,'g'),(361,'paneer_roll','onion','raw',20.0000,'g'),(362,'paneer_roll','sauce','raw',10.0000,'g'),(363,'egg_chicken_roll','paratha_base','prepared',1.0000,'pcs'),(364,'egg_chicken_roll','egg','raw',1.0000,'pcs'),(365,'egg_chicken_roll','chicken_keema','intermediate',80.0000,'g'),(366,'egg_chicken_roll','onion','raw',20.0000,'g'),(367,'egg_chicken_roll','sauce','raw',10.0000,'g'),(368,'egg_paneer_roll','paratha_base','prepared',1.0000,'pcs'),(369,'egg_paneer_roll','egg','raw',1.0000,'pcs'),(370,'egg_paneer_roll','paneer_keema','intermediate',80.0000,'g'),(371,'egg_paneer_roll','onion','raw',20.0000,'g'),(372,'egg_paneer_roll','sauce','raw',10.0000,'g'),(373,'chicken_paratha','paratha_base','prepared',1.0000,'pcs'),(374,'chicken_paratha','chicken_keema','intermediate',80.0000,'g'),(375,'chicken_paratha','onion','raw',20.0000,'g'),(376,'gogni_paratha','paratha_base','prepared',1.0000,'pcs'),(377,'gogni_paratha','ghugni_gravy','intermediate',150.0000,'g'),(378,'chola_bhatura','flour','raw',100.0000,'g'),(379,'chola_bhatura','oil','raw',30.0000,'ml'),(380,'chola_bhatura','chole_gravy','intermediate',150.0000,'g'),(395,'veg_pasta','pasta_base','prepared',1.0000,'portions'),(396,'veg_pasta','onion','raw',10.0000,'g'),(397,'veg_pasta','capsicum','raw',10.0000,'g'),(398,'veg_pasta','sauce','raw',10.0000,'g'),(399,'egg_pasta','pasta_base','prepared',1.0000,'portions'),(400,'egg_pasta','egg','raw',1.0000,'pcs'),(401,'egg_pasta','onion','raw',10.0000,'g'),(402,'egg_pasta','capsicum','raw',10.0000,'g'),(403,'egg_pasta','sauce','raw',10.0000,'g'),(404,'paneer_pasta','pasta_base','prepared',1.0000,'portions'),(405,'paneer_pasta','paneer_keema','intermediate',60.0000,'g'),(406,'paneer_pasta','onion','raw',10.0000,'g'),(407,'paneer_pasta','capsicum','raw',10.0000,'g'),(408,'paneer_pasta','sauce','raw',10.0000,'g'),(409,'egg_chicken_pasta','pasta_base','prepared',1.0000,'portions'),(410,'egg_chicken_pasta','egg','raw',1.0000,'pcs'),(411,'egg_chicken_pasta','chicken_keema','intermediate',60.0000,'g'),(412,'egg_chicken_pasta','onion','raw',10.0000,'g'),(413,'egg_chicken_pasta','capsicum','raw',10.0000,'g'),(414,'egg_chicken_pasta','sauce','raw',10.0000,'g'),(415,'egg_paneer_pasta','pasta_base','prepared',1.0000,'portions'),(416,'egg_paneer_pasta','egg','raw',1.0000,'pcs'),(417,'egg_paneer_pasta','paneer_keema','intermediate',60.0000,'g'),(418,'egg_paneer_pasta','onion','raw',10.0000,'g'),(419,'egg_paneer_pasta','capsicum','raw',10.0000,'g'),(420,'egg_paneer_pasta','sauce','raw',10.0000,'g'),(421,'egg_chowmein','chowmein_base','prepared',1.0000,'portions'),(422,'egg_chowmein','egg','raw',1.0000,'pcs'),(423,'egg_chowmein','onion','raw',20.0000,'g'),(424,'egg_chowmein','capsicum','raw',20.0000,'g'),(425,'egg_chowmein','sauce','raw',10.0000,'g'),(426,'paneer_chowmein','chowmein_base','prepared',1.0000,'portions'),(427,'paneer_chowmein','paneer_keema','intermediate',60.0000,'g'),(428,'paneer_chowmein','onion','raw',20.0000,'g'),(429,'paneer_chowmein','capsicum','raw',20.0000,'g'),(430,'paneer_chowmein','sauce','raw',10.0000,'g'),(431,'egg_chicken_chowmein','chowmein_base','prepared',1.0000,'portions'),(432,'egg_chicken_chowmein','egg','raw',1.0000,'pcs'),(433,'egg_chicken_chowmein','chicken_keema','intermediate',60.0000,'g'),(434,'egg_chicken_chowmein','onion','raw',20.0000,'g'),(435,'egg_chicken_chowmein','capsicum','raw',20.0000,'g'),(436,'egg_chicken_chowmein','sauce','raw',10.0000,'g'),(437,'egg_paneer_chowmein','chowmein_base','prepared',1.0000,'portions'),(438,'egg_paneer_chowmein','egg','raw',1.0000,'pcs'),(439,'egg_paneer_chowmein','paneer_keema','intermediate',60.0000,'g'),(440,'egg_paneer_chowmein','onion','raw',20.0000,'g'),(441,'egg_paneer_chowmein','capsicum','raw',20.0000,'g'),(442,'egg_paneer_chowmein','sauce','raw',10.0000,'g'),(446,'paneer_roll','paratha_base','prepared',1.0000,'pcs'),(447,'paneer_roll','paneer_keema','intermediate',80.0000,'g'),(448,'paneer_roll','onion','raw',20.0000,'g'),(449,'paneer_roll','sauce','raw',10.0000,'g'),(450,'egg_chicken_roll','paratha_base','prepared',1.0000,'pcs'),(451,'egg_chicken_roll','egg','raw',1.0000,'pcs'),(452,'egg_chicken_roll','chicken_keema','intermediate',80.0000,'g'),(453,'egg_chicken_roll','onion','raw',20.0000,'g'),(454,'egg_chicken_roll','sauce','raw',10.0000,'g'),(455,'egg_paneer_roll','paratha_base','prepared',1.0000,'pcs'),(456,'egg_paneer_roll','egg','raw',1.0000,'pcs'),(457,'egg_paneer_roll','paneer_keema','intermediate',80.0000,'g'),(458,'egg_paneer_roll','onion','raw',20.0000,'g'),(459,'egg_paneer_roll','sauce','raw',10.0000,'g'),(460,'chicken_paratha','paratha_base','prepared',1.0000,'pcs'),(461,'chicken_paratha','chicken_keema','intermediate',80.0000,'g'),(462,'chicken_paratha','onion','raw',20.0000,'g'),(463,'gogni_paratha','paratha_base','prepared',1.0000,'pcs'),(464,'gogni_paratha','ghugni_gravy','intermediate',150.0000,'g'),(465,'chola_bhatura','flour','raw',100.0000,'g'),(466,'chola_bhatura','oil','raw',30.0000,'ml'),(467,'chola_bhatura','chole_gravy','intermediate',150.0000,'g'),(482,'veg_pasta','pasta_base','prepared',1.0000,'portions'),(483,'veg_pasta','onion','raw',10.0000,'g'),(484,'veg_pasta','capsicum','raw',10.0000,'g'),(485,'veg_pasta','sauce','raw',10.0000,'g'),(486,'egg_pasta','pasta_base','prepared',1.0000,'portions'),(487,'egg_pasta','egg','raw',1.0000,'pcs'),(488,'egg_pasta','onion','raw',10.0000,'g'),(489,'egg_pasta','capsicum','raw',10.0000,'g'),(490,'egg_pasta','sauce','raw',10.0000,'g'),(491,'paneer_pasta','pasta_base','prepared',1.0000,'portions'),(492,'paneer_pasta','paneer_keema','intermediate',60.0000,'g'),(493,'paneer_pasta','onion','raw',10.0000,'g'),(494,'paneer_pasta','capsicum','raw',10.0000,'g'),(495,'paneer_pasta','sauce','raw',10.0000,'g'),(496,'egg_chicken_pasta','pasta_base','prepared',1.0000,'portions'),(497,'egg_chicken_pasta','egg','raw',1.0000,'pcs'),(498,'egg_chicken_pasta','chicken_keema','intermediate',60.0000,'g'),(499,'egg_chicken_pasta','onion','raw',10.0000,'g'),(500,'egg_chicken_pasta','capsicum','raw',10.0000,'g'),(501,'egg_chicken_pasta','sauce','raw',10.0000,'g'),(502,'egg_paneer_pasta','pasta_base','prepared',1.0000,'portions'),(503,'egg_paneer_pasta','egg','raw',1.0000,'pcs'),(504,'egg_paneer_pasta','paneer_keema','intermediate',60.0000,'g'),(505,'egg_paneer_pasta','onion','raw',10.0000,'g'),(506,'egg_paneer_pasta','capsicum','raw',10.0000,'g'),(507,'egg_paneer_pasta','sauce','raw',10.0000,'g'),(508,'egg_chowmein','chowmein_base','prepared',1.0000,'portions'),(509,'egg_chowmein','egg','raw',1.0000,'pcs'),(510,'egg_chowmein','onion','raw',20.0000,'g'),(511,'egg_chowmein','capsicum','raw',20.0000,'g'),(512,'egg_chowmein','sauce','raw',10.0000,'g'),(513,'paneer_chowmein','chowmein_base','prepared',1.0000,'portions'),(514,'paneer_chowmein','paneer_keema','intermediate',60.0000,'g'),(515,'paneer_chowmein','onion','raw',20.0000,'g'),(516,'paneer_chowmein','capsicum','raw',20.0000,'g'),(517,'paneer_chowmein','sauce','raw',10.0000,'g'),(518,'egg_chicken_chowmein','chowmein_base','prepared',1.0000,'portions'),(519,'egg_chicken_chowmein','egg','raw',1.0000,'pcs'),(520,'egg_chicken_chowmein','chicken_keema','intermediate',60.0000,'g'),(521,'egg_chicken_chowmein','onion','raw',20.0000,'g'),(522,'egg_chicken_chowmein','capsicum','raw',20.0000,'g'),(523,'egg_chicken_chowmein','sauce','raw',10.0000,'g'),(524,'egg_paneer_chowmein','chowmein_base','prepared',1.0000,'portions'),(525,'egg_paneer_chowmein','egg','raw',1.0000,'pcs'),(526,'egg_paneer_chowmein','paneer_keema','intermediate',60.0000,'g'),(527,'egg_paneer_chowmein','onion','raw',20.0000,'g'),(528,'egg_paneer_chowmein','capsicum','raw',20.0000,'g'),(529,'egg_paneer_chowmein','sauce','raw',10.0000,'g'),(533,'paneer_roll','paratha_base','prepared',1.0000,'pcs'),(534,'paneer_roll','paneer_keema','intermediate',80.0000,'g'),(535,'paneer_roll','onion','raw',20.0000,'g'),(536,'paneer_roll','sauce','raw',10.0000,'g'),(537,'egg_chicken_roll','paratha_base','prepared',1.0000,'pcs'),(538,'egg_chicken_roll','egg','raw',1.0000,'pcs'),(539,'egg_chicken_roll','chicken_keema','intermediate',80.0000,'g'),(540,'egg_chicken_roll','onion','raw',20.0000,'g'),(541,'egg_chicken_roll','sauce','raw',10.0000,'g'),(542,'egg_paneer_roll','paratha_base','prepared',1.0000,'pcs'),(543,'egg_paneer_roll','egg','raw',1.0000,'pcs'),(544,'egg_paneer_roll','paneer_keema','intermediate',80.0000,'g'),(545,'egg_paneer_roll','onion','raw',20.0000,'g'),(546,'egg_paneer_roll','sauce','raw',10.0000,'g'),(547,'chicken_paratha','paratha_base','prepared',1.0000,'pcs'),(548,'chicken_paratha','chicken_keema','intermediate',80.0000,'g'),(549,'chicken_paratha','onion','raw',20.0000,'g'),(550,'gogni_paratha','paratha_base','prepared',1.0000,'pcs'),(551,'gogni_paratha','ghugni_gravy','intermediate',150.0000,'g'),(552,'chola_bhatura','flour','raw',100.0000,'g'),(553,'chola_bhatura','oil','raw',30.0000,'ml'),(554,'chola_bhatura','chole_gravy','intermediate',150.0000,'g'),(569,'veg_pasta','pasta_base','prepared',1.0000,'portions'),(570,'veg_pasta','onion','raw',10.0000,'g'),(571,'veg_pasta','capsicum','raw',10.0000,'g'),(572,'veg_pasta','sauce','raw',10.0000,'g'),(573,'egg_pasta','pasta_base','prepared',1.0000,'portions'),(574,'egg_pasta','egg','raw',1.0000,'pcs'),(575,'egg_pasta','onion','raw',10.0000,'g'),(576,'egg_pasta','capsicum','raw',10.0000,'g'),(577,'egg_pasta','sauce','raw',10.0000,'g'),(578,'paneer_pasta','pasta_base','prepared',1.0000,'portions'),(579,'paneer_pasta','paneer_keema','intermediate',60.0000,'g'),(580,'paneer_pasta','onion','raw',10.0000,'g'),(581,'paneer_pasta','capsicum','raw',10.0000,'g'),(582,'paneer_pasta','sauce','raw',10.0000,'g'),(583,'egg_chicken_pasta','pasta_base','prepared',1.0000,'portions'),(584,'egg_chicken_pasta','egg','raw',1.0000,'pcs'),(585,'egg_chicken_pasta','chicken_keema','intermediate',60.0000,'g'),(586,'egg_chicken_pasta','onion','raw',10.0000,'g'),(587,'egg_chicken_pasta','capsicum','raw',10.0000,'g'),(588,'egg_chicken_pasta','sauce','raw',10.0000,'g'),(589,'egg_paneer_pasta','pasta_base','prepared',1.0000,'portions'),(590,'egg_paneer_pasta','egg','raw',1.0000,'pcs'),(591,'egg_paneer_pasta','paneer_keema','intermediate',60.0000,'g'),(592,'egg_paneer_pasta','onion','raw',10.0000,'g'),(593,'egg_paneer_pasta','capsicum','raw',10.0000,'g'),(594,'egg_paneer_pasta','sauce','raw',10.0000,'g'),(595,'egg_chowmein','chowmein_base','prepared',1.0000,'portions'),(596,'egg_chowmein','egg','raw',1.0000,'pcs'),(597,'egg_chowmein','onion','raw',20.0000,'g'),(598,'egg_chowmein','capsicum','raw',20.0000,'g'),(599,'egg_chowmein','sauce','raw',10.0000,'g'),(600,'paneer_chowmein','chowmein_base','prepared',1.0000,'portions'),(601,'paneer_chowmein','paneer_keema','intermediate',60.0000,'g'),(602,'paneer_chowmein','onion','raw',20.0000,'g'),(603,'paneer_chowmein','capsicum','raw',20.0000,'g'),(604,'paneer_chowmein','sauce','raw',10.0000,'g'),(605,'egg_chicken_chowmein','chowmein_base','prepared',1.0000,'portions'),(606,'egg_chicken_chowmein','egg','raw',1.0000,'pcs'),(607,'egg_chicken_chowmein','chicken_keema','intermediate',60.0000,'g'),(608,'egg_chicken_chowmein','onion','raw',20.0000,'g'),(609,'egg_chicken_chowmein','capsicum','raw',20.0000,'g'),(610,'egg_chicken_chowmein','sauce','raw',10.0000,'g'),(611,'egg_paneer_chowmein','chowmein_base','prepared',1.0000,'portions'),(612,'egg_paneer_chowmein','egg','raw',1.0000,'pcs'),(613,'egg_paneer_chowmein','paneer_keema','intermediate',60.0000,'g'),(614,'egg_paneer_chowmein','onion','raw',20.0000,'g'),(615,'egg_paneer_chowmein','capsicum','raw',20.0000,'g'),(616,'egg_paneer_chowmein','sauce','raw',10.0000,'g'),(620,'paneer_roll','paratha_base','prepared',1.0000,'pcs'),(621,'paneer_roll','paneer_keema','intermediate',80.0000,'g'),(622,'paneer_roll','onion','raw',20.0000,'g'),(623,'paneer_roll','sauce','raw',10.0000,'g'),(624,'egg_chicken_roll','paratha_base','prepared',1.0000,'pcs'),(625,'egg_chicken_roll','egg','raw',1.0000,'pcs'),(626,'egg_chicken_roll','chicken_keema','intermediate',80.0000,'g'),(627,'egg_chicken_roll','onion','raw',20.0000,'g'),(628,'egg_chicken_roll','sauce','raw',10.0000,'g'),(629,'egg_paneer_roll','paratha_base','prepared',1.0000,'pcs'),(630,'egg_paneer_roll','egg','raw',1.0000,'pcs'),(631,'egg_paneer_roll','paneer_keema','intermediate',80.0000,'g'),(632,'egg_paneer_roll','onion','raw',20.0000,'g'),(633,'egg_paneer_roll','sauce','raw',10.0000,'g'),(634,'chicken_paratha','paratha_base','prepared',1.0000,'pcs'),(635,'chicken_paratha','chicken_keema','intermediate',80.0000,'g'),(636,'chicken_paratha','onion','raw',20.0000,'g'),(637,'gogni_paratha','paratha_base','prepared',1.0000,'pcs'),(638,'gogni_paratha','ghugni_gravy','intermediate',150.0000,'g'),(639,'chola_bhatura','flour','raw',100.0000,'g'),(640,'chola_bhatura','oil','raw',30.0000,'ml'),(641,'chola_bhatura','chole_gravy','intermediate',150.0000,'g'),(656,'veg_pasta','pasta_base','prepared',1.0000,'portions'),(657,'veg_pasta','onion','raw',10.0000,'g'),(658,'veg_pasta','capsicum','raw',10.0000,'g'),(659,'veg_pasta','sauce','raw',10.0000,'g'),(660,'egg_pasta','pasta_base','prepared',1.0000,'portions'),(661,'egg_pasta','egg','raw',1.0000,'pcs'),(662,'egg_pasta','onion','raw',10.0000,'g'),(663,'egg_pasta','capsicum','raw',10.0000,'g'),(664,'egg_pasta','sauce','raw',10.0000,'g'),(665,'paneer_pasta','pasta_base','prepared',1.0000,'portions'),(666,'paneer_pasta','paneer_keema','intermediate',60.0000,'g'),(667,'paneer_pasta','onion','raw',10.0000,'g'),(668,'paneer_pasta','capsicum','raw',10.0000,'g'),(669,'paneer_pasta','sauce','raw',10.0000,'g'),(670,'egg_chicken_pasta','pasta_base','prepared',1.0000,'portions'),(671,'egg_chicken_pasta','egg','raw',1.0000,'pcs'),(672,'egg_chicken_pasta','chicken_keema','intermediate',60.0000,'g'),(673,'egg_chicken_pasta','onion','raw',10.0000,'g'),(674,'egg_chicken_pasta','capsicum','raw',10.0000,'g'),(675,'egg_chicken_pasta','sauce','raw',10.0000,'g'),(676,'egg_paneer_pasta','pasta_base','prepared',1.0000,'portions'),(677,'egg_paneer_pasta','egg','raw',1.0000,'pcs'),(678,'egg_paneer_pasta','paneer_keema','intermediate',60.0000,'g'),(679,'egg_paneer_pasta','onion','raw',10.0000,'g'),(680,'egg_paneer_pasta','capsicum','raw',10.0000,'g'),(681,'egg_paneer_pasta','sauce','raw',10.0000,'g'),(682,'egg_chowmein','chowmein_base','prepared',1.0000,'portions'),(683,'egg_chowmein','egg','raw',1.0000,'pcs'),(684,'egg_chowmein','onion','raw',20.0000,'g'),(685,'egg_chowmein','capsicum','raw',20.0000,'g'),(686,'egg_chowmein','sauce','raw',10.0000,'g'),(687,'paneer_chowmein','chowmein_base','prepared',1.0000,'portions'),(688,'paneer_chowmein','paneer_keema','intermediate',60.0000,'g'),(689,'paneer_chowmein','onion','raw',20.0000,'g'),(690,'paneer_chowmein','capsicum','raw',20.0000,'g'),(691,'paneer_chowmein','sauce','raw',10.0000,'g'),(692,'egg_chicken_chowmein','chowmein_base','prepared',1.0000,'portions'),(693,'egg_chicken_chowmein','egg','raw',1.0000,'pcs'),(694,'egg_chicken_chowmein','chicken_keema','intermediate',60.0000,'g'),(695,'egg_chicken_chowmein','onion','raw',20.0000,'g'),(696,'egg_chicken_chowmein','capsicum','raw',20.0000,'g'),(697,'egg_chicken_chowmein','sauce','raw',10.0000,'g'),(698,'egg_paneer_chowmein','chowmein_base','prepared',1.0000,'portions'),(699,'egg_paneer_chowmein','egg','raw',1.0000,'pcs'),(700,'egg_paneer_chowmein','paneer_keema','intermediate',60.0000,'g'),(701,'egg_paneer_chowmein','onion','raw',20.0000,'g'),(702,'egg_paneer_chowmein','capsicum','raw',20.0000,'g'),(703,'egg_paneer_chowmein','sauce','raw',10.0000,'g'),(707,'paneer_roll','paratha_base','prepared',1.0000,'pcs'),(708,'paneer_roll','paneer_keema','intermediate',80.0000,'g'),(709,'paneer_roll','onion','raw',20.0000,'g'),(710,'paneer_roll','sauce','raw',10.0000,'g'),(711,'egg_chicken_roll','paratha_base','prepared',1.0000,'pcs'),(712,'egg_chicken_roll','egg','raw',1.0000,'pcs'),(713,'egg_chicken_roll','chicken_keema','intermediate',80.0000,'g'),(714,'egg_chicken_roll','onion','raw',20.0000,'g'),(715,'egg_chicken_roll','sauce','raw',10.0000,'g'),(716,'egg_paneer_roll','paratha_base','prepared',1.0000,'pcs'),(717,'egg_paneer_roll','egg','raw',1.0000,'pcs'),(718,'egg_paneer_roll','paneer_keema','intermediate',80.0000,'g'),(719,'egg_paneer_roll','onion','raw',20.0000,'g'),(720,'egg_paneer_roll','sauce','raw',10.0000,'g'),(721,'chicken_paratha','paratha_base','prepared',1.0000,'pcs'),(722,'chicken_paratha','chicken_keema','intermediate',80.0000,'g'),(723,'chicken_paratha','onion','raw',20.0000,'g'),(724,'gogni_paratha','paratha_base','prepared',1.0000,'pcs'),(725,'gogni_paratha','ghugni_gravy','intermediate',150.0000,'g'),(726,'chola_bhatura','flour','raw',100.0000,'g'),(727,'chola_bhatura','oil','raw',30.0000,'ml'),(728,'chola_bhatura','chole_gravy','intermediate',150.0000,'g'),(743,'veg_pasta','pasta_base','prepared',1.0000,'portions'),(744,'veg_pasta','onion','raw',10.0000,'g'),(745,'veg_pasta','capsicum','raw',10.0000,'g'),(746,'veg_pasta','sauce','raw',10.0000,'g'),(747,'egg_pasta','pasta_base','prepared',1.0000,'portions'),(748,'egg_pasta','egg','raw',1.0000,'pcs'),(749,'egg_pasta','onion','raw',10.0000,'g'),(750,'egg_pasta','capsicum','raw',10.0000,'g'),(751,'egg_pasta','sauce','raw',10.0000,'g'),(752,'paneer_pasta','pasta_base','prepared',1.0000,'portions'),(753,'paneer_pasta','paneer_keema','intermediate',60.0000,'g'),(754,'paneer_pasta','onion','raw',10.0000,'g'),(755,'paneer_pasta','capsicum','raw',10.0000,'g'),(756,'paneer_pasta','sauce','raw',10.0000,'g'),(757,'egg_chicken_pasta','pasta_base','prepared',1.0000,'portions'),(758,'egg_chicken_pasta','egg','raw',1.0000,'pcs'),(759,'egg_chicken_pasta','chicken_keema','intermediate',60.0000,'g'),(760,'egg_chicken_pasta','onion','raw',10.0000,'g'),(761,'egg_chicken_pasta','capsicum','raw',10.0000,'g'),(762,'egg_chicken_pasta','sauce','raw',10.0000,'g'),(763,'egg_paneer_pasta','pasta_base','prepared',1.0000,'portions'),(764,'egg_paneer_pasta','egg','raw',1.0000,'pcs'),(765,'egg_paneer_pasta','paneer_keema','intermediate',60.0000,'g'),(766,'egg_paneer_pasta','onion','raw',10.0000,'g'),(767,'egg_paneer_pasta','capsicum','raw',10.0000,'g'),(768,'egg_paneer_pasta','sauce','raw',10.0000,'g'),(769,'egg_chowmein','chowmein_base','prepared',1.0000,'portions'),(770,'egg_chowmein','egg','raw',1.0000,'pcs'),(771,'egg_chowmein','onion','raw',20.0000,'g'),(772,'egg_chowmein','capsicum','raw',20.0000,'g'),(773,'egg_chowmein','sauce','raw',10.0000,'g'),(774,'paneer_chowmein','chowmein_base','prepared',1.0000,'portions'),(775,'paneer_chowmein','paneer_keema','intermediate',60.0000,'g'),(776,'paneer_chowmein','onion','raw',20.0000,'g'),(777,'paneer_chowmein','capsicum','raw',20.0000,'g'),(778,'paneer_chowmein','sauce','raw',10.0000,'g'),(779,'egg_chicken_chowmein','chowmein_base','prepared',1.0000,'portions'),(780,'egg_chicken_chowmein','egg','raw',1.0000,'pcs'),(781,'egg_chicken_chowmein','chicken_keema','intermediate',60.0000,'g'),(782,'egg_chicken_chowmein','onion','raw',20.0000,'g'),(783,'egg_chicken_chowmein','capsicum','raw',20.0000,'g'),(784,'egg_chicken_chowmein','sauce','raw',10.0000,'g'),(785,'egg_paneer_chowmein','chowmein_base','prepared',1.0000,'portions'),(786,'egg_paneer_chowmein','egg','raw',1.0000,'pcs'),(787,'egg_paneer_chowmein','paneer_keema','intermediate',60.0000,'g'),(788,'egg_paneer_chowmein','onion','raw',20.0000,'g'),(789,'egg_paneer_chowmein','capsicum','raw',20.0000,'g'),(790,'egg_paneer_chowmein','sauce','raw',10.0000,'g'),(794,'paneer_roll','paratha_base','prepared',1.0000,'pcs'),(795,'paneer_roll','paneer_keema','intermediate',80.0000,'g'),(796,'paneer_roll','onion','raw',20.0000,'g'),(797,'paneer_roll','sauce','raw',10.0000,'g'),(798,'egg_chicken_roll','paratha_base','prepared',1.0000,'pcs'),(799,'egg_chicken_roll','egg','raw',1.0000,'pcs'),(800,'egg_chicken_roll','chicken_keema','intermediate',80.0000,'g'),(801,'egg_chicken_roll','onion','raw',20.0000,'g'),(802,'egg_chicken_roll','sauce','raw',10.0000,'g'),(803,'egg_paneer_roll','paratha_base','prepared',1.0000,'pcs'),(804,'egg_paneer_roll','egg','raw',1.0000,'pcs'),(805,'egg_paneer_roll','paneer_keema','intermediate',80.0000,'g'),(806,'egg_paneer_roll','onion','raw',20.0000,'g'),(807,'egg_paneer_roll','sauce','raw',10.0000,'g'),(808,'chicken_paratha','paratha_base','prepared',1.0000,'pcs'),(809,'chicken_paratha','chicken_keema','intermediate',80.0000,'g'),(810,'chicken_paratha','onion','raw',20.0000,'g'),(811,'gogni_paratha','paratha_base','prepared',1.0000,'pcs'),(812,'gogni_paratha','ghugni_gravy','intermediate',150.0000,'g'),(813,'chola_bhatura','flour','raw',100.0000,'g'),(814,'chola_bhatura','oil','raw',30.0000,'ml'),(815,'chola_bhatura','chole_gravy','intermediate',150.0000,'g'),(830,'veg_pasta','pasta_base','prepared',1.0000,'portions'),(831,'veg_pasta','onion','raw',10.0000,'g'),(832,'veg_pasta','capsicum','raw',10.0000,'g'),(833,'veg_pasta','sauce','raw',10.0000,'g'),(834,'egg_pasta','pasta_base','prepared',1.0000,'portions'),(835,'egg_pasta','egg','raw',1.0000,'pcs'),(836,'egg_pasta','onion','raw',10.0000,'g'),(837,'egg_pasta','capsicum','raw',10.0000,'g'),(838,'egg_pasta','sauce','raw',10.0000,'g'),(839,'paneer_pasta','pasta_base','prepared',1.0000,'portions'),(840,'paneer_pasta','paneer_keema','intermediate',60.0000,'g'),(841,'paneer_pasta','onion','raw',10.0000,'g'),(842,'paneer_pasta','capsicum','raw',10.0000,'g'),(843,'paneer_pasta','sauce','raw',10.0000,'g'),(844,'egg_chicken_pasta','pasta_base','prepared',1.0000,'portions'),(845,'egg_chicken_pasta','egg','raw',1.0000,'pcs'),(846,'egg_chicken_pasta','chicken_keema','intermediate',60.0000,'g'),(847,'egg_chicken_pasta','onion','raw',10.0000,'g'),(848,'egg_chicken_pasta','capsicum','raw',10.0000,'g'),(849,'egg_chicken_pasta','sauce','raw',10.0000,'g'),(850,'egg_paneer_pasta','pasta_base','prepared',1.0000,'portions'),(851,'egg_paneer_pasta','egg','raw',1.0000,'pcs'),(852,'egg_paneer_pasta','paneer_keema','intermediate',60.0000,'g'),(853,'egg_paneer_pasta','onion','raw',10.0000,'g'),(854,'egg_paneer_pasta','capsicum','raw',10.0000,'g'),(855,'egg_paneer_pasta','sauce','raw',10.0000,'g'),(856,'egg_chowmein','chowmein_base','prepared',1.0000,'portions'),(857,'egg_chowmein','egg','raw',1.0000,'pcs'),(858,'egg_chowmein','onion','raw',20.0000,'g'),(859,'egg_chowmein','capsicum','raw',20.0000,'g'),(860,'egg_chowmein','sauce','raw',10.0000,'g'),(861,'paneer_chowmein','chowmein_base','prepared',1.0000,'portions'),(862,'paneer_chowmein','paneer_keema','intermediate',60.0000,'g'),(863,'paneer_chowmein','onion','raw',20.0000,'g'),(864,'paneer_chowmein','capsicum','raw',20.0000,'g'),(865,'paneer_chowmein','sauce','raw',10.0000,'g'),(866,'egg_chicken_chowmein','chowmein_base','prepared',1.0000,'portions'),(867,'egg_chicken_chowmein','egg','raw',1.0000,'pcs'),(868,'egg_chicken_chowmein','chicken_keema','intermediate',60.0000,'g'),(869,'egg_chicken_chowmein','onion','raw',20.0000,'g'),(870,'egg_chicken_chowmein','capsicum','raw',20.0000,'g'),(871,'egg_chicken_chowmein','sauce','raw',10.0000,'g'),(872,'egg_paneer_chowmein','chowmein_base','prepared',1.0000,'portions'),(873,'egg_paneer_chowmein','egg','raw',1.0000,'pcs'),(874,'egg_paneer_chowmein','paneer_keema','intermediate',60.0000,'g'),(875,'egg_paneer_chowmein','onion','raw',20.0000,'g'),(876,'egg_paneer_chowmein','capsicum','raw',20.0000,'g'),(877,'egg_paneer_chowmein','sauce','raw',10.0000,'g'),(881,'paneer_roll','paratha_base','prepared',1.0000,'pcs'),(882,'paneer_roll','paneer_keema','intermediate',80.0000,'g'),(883,'paneer_roll','onion','raw',20.0000,'g'),(884,'paneer_roll','sauce','raw',10.0000,'g'),(885,'egg_chicken_roll','paratha_base','prepared',1.0000,'pcs'),(886,'egg_chicken_roll','egg','raw',1.0000,'pcs'),(887,'egg_chicken_roll','chicken_keema','intermediate',80.0000,'g'),(888,'egg_chicken_roll','onion','raw',20.0000,'g'),(889,'egg_chicken_roll','sauce','raw',10.0000,'g'),(890,'egg_paneer_roll','paratha_base','prepared',1.0000,'pcs'),(891,'egg_paneer_roll','egg','raw',1.0000,'pcs'),(892,'egg_paneer_roll','paneer_keema','intermediate',80.0000,'g'),(893,'egg_paneer_roll','onion','raw',20.0000,'g'),(894,'egg_paneer_roll','sauce','raw',10.0000,'g'),(895,'chicken_paratha','paratha_base','prepared',1.0000,'pcs'),(896,'chicken_paratha','chicken_keema','intermediate',80.0000,'g'),(897,'chicken_paratha','onion','raw',20.0000,'g'),(898,'gogni_paratha','paratha_base','prepared',1.0000,'pcs'),(899,'gogni_paratha','ghugni_gravy','intermediate',150.0000,'g'),(900,'chola_bhatura','flour','raw',100.0000,'g'),(901,'chola_bhatura','oil','raw',30.0000,'ml'),(902,'chola_bhatura','chole_gravy','intermediate',150.0000,'g'),(917,'veg_pasta','pasta_base','prepared',1.0000,'portions'),(918,'veg_pasta','onion','raw',10.0000,'g'),(919,'veg_pasta','capsicum','raw',10.0000,'g'),(920,'veg_pasta','sauce','raw',10.0000,'g'),(921,'egg_pasta','pasta_base','prepared',1.0000,'portions'),(922,'egg_pasta','egg','raw',1.0000,'pcs'),(923,'egg_pasta','onion','raw',10.0000,'g'),(924,'egg_pasta','capsicum','raw',10.0000,'g'),(925,'egg_pasta','sauce','raw',10.0000,'g'),(926,'paneer_pasta','pasta_base','prepared',1.0000,'portions'),(927,'paneer_pasta','paneer_keema','intermediate',60.0000,'g'),(928,'paneer_pasta','onion','raw',10.0000,'g'),(929,'paneer_pasta','capsicum','raw',10.0000,'g'),(930,'paneer_pasta','sauce','raw',10.0000,'g'),(931,'egg_chicken_pasta','pasta_base','prepared',1.0000,'portions'),(932,'egg_chicken_pasta','egg','raw',1.0000,'pcs'),(933,'egg_chicken_pasta','chicken_keema','intermediate',60.0000,'g'),(934,'egg_chicken_pasta','onion','raw',10.0000,'g'),(935,'egg_chicken_pasta','capsicum','raw',10.0000,'g'),(936,'egg_chicken_pasta','sauce','raw',10.0000,'g'),(937,'egg_paneer_pasta','pasta_base','prepared',1.0000,'portions'),(938,'egg_paneer_pasta','egg','raw',1.0000,'pcs'),(939,'egg_paneer_pasta','paneer_keema','intermediate',60.0000,'g'),(940,'egg_paneer_pasta','onion','raw',10.0000,'g'),(941,'egg_paneer_pasta','capsicum','raw',10.0000,'g'),(942,'egg_paneer_pasta','sauce','raw',10.0000,'g'),(943,'egg_chowmein','chowmein_base','prepared',1.0000,'portions'),(944,'egg_chowmein','egg','raw',1.0000,'pcs'),(945,'egg_chowmein','onion','raw',20.0000,'g'),(946,'egg_chowmein','capsicum','raw',20.0000,'g'),(947,'egg_chowmein','sauce','raw',10.0000,'g'),(948,'paneer_chowmein','chowmein_base','prepared',1.0000,'portions'),(949,'paneer_chowmein','paneer_keema','intermediate',60.0000,'g'),(950,'paneer_chowmein','onion','raw',20.0000,'g'),(951,'paneer_chowmein','capsicum','raw',20.0000,'g'),(952,'paneer_chowmein','sauce','raw',10.0000,'g'),(953,'egg_chicken_chowmein','chowmein_base','prepared',1.0000,'portions'),(954,'egg_chicken_chowmein','egg','raw',1.0000,'pcs'),(955,'egg_chicken_chowmein','chicken_keema','intermediate',60.0000,'g'),(956,'egg_chicken_chowmein','onion','raw',20.0000,'g'),(957,'egg_chicken_chowmein','capsicum','raw',20.0000,'g'),(958,'egg_chicken_chowmein','sauce','raw',10.0000,'g'),(959,'egg_paneer_chowmein','chowmein_base','prepared',1.0000,'portions'),(960,'egg_paneer_chowmein','egg','raw',1.0000,'pcs'),(961,'egg_paneer_chowmein','paneer_keema','intermediate',60.0000,'g'),(962,'egg_paneer_chowmein','onion','raw',20.0000,'g'),(963,'egg_paneer_chowmein','capsicum','raw',20.0000,'g'),(964,'egg_paneer_chowmein','sauce','raw',10.0000,'g'),(968,'paneer_roll','paratha_base','prepared',1.0000,'pcs'),(969,'paneer_roll','paneer_keema','intermediate',80.0000,'g'),(970,'paneer_roll','onion','raw',20.0000,'g'),(971,'paneer_roll','sauce','raw',10.0000,'g'),(972,'egg_chicken_roll','paratha_base','prepared',1.0000,'pcs'),(973,'egg_chicken_roll','egg','raw',1.0000,'pcs'),(974,'egg_chicken_roll','chicken_keema','intermediate',80.0000,'g'),(975,'egg_chicken_roll','onion','raw',20.0000,'g'),(976,'egg_chicken_roll','sauce','raw',10.0000,'g'),(977,'egg_paneer_roll','paratha_base','prepared',1.0000,'pcs'),(978,'egg_paneer_roll','egg','raw',1.0000,'pcs'),(979,'egg_paneer_roll','paneer_keema','intermediate',80.0000,'g'),(980,'egg_paneer_roll','onion','raw',20.0000,'g'),(981,'egg_paneer_roll','sauce','raw',10.0000,'g'),(982,'chicken_paratha','paratha_base','prepared',1.0000,'pcs'),(983,'chicken_paratha','chicken_keema','intermediate',80.0000,'g'),(984,'chicken_paratha','onion','raw',20.0000,'g'),(985,'gogni_paratha','paratha_base','prepared',1.0000,'pcs'),(986,'gogni_paratha','ghugni_gravy','intermediate',150.0000,'g'),(987,'chola_bhatura','flour','raw',100.0000,'g'),(988,'chola_bhatura','oil','raw',30.0000,'ml'),(989,'chola_bhatura','chole_gravy','intermediate',150.0000,'g'),(1004,'veg_pasta','pasta_base','prepared',1.0000,'portions'),(1005,'veg_pasta','onion','raw',10.0000,'g'),(1006,'veg_pasta','capsicum','raw',10.0000,'g'),(1007,'veg_pasta','sauce','raw',10.0000,'g'),(1008,'egg_pasta','pasta_base','prepared',1.0000,'portions'),(1009,'egg_pasta','egg','raw',1.0000,'pcs'),(1010,'egg_pasta','onion','raw',10.0000,'g'),(1011,'egg_pasta','capsicum','raw',10.0000,'g'),(1012,'egg_pasta','sauce','raw',10.0000,'g'),(1013,'paneer_pasta','pasta_base','prepared',1.0000,'portions'),(1014,'paneer_pasta','paneer_keema','intermediate',60.0000,'g'),(1015,'paneer_pasta','onion','raw',10.0000,'g'),(1016,'paneer_pasta','capsicum','raw',10.0000,'g'),(1017,'paneer_pasta','sauce','raw',10.0000,'g'),(1018,'egg_chicken_pasta','pasta_base','prepared',1.0000,'portions'),(1019,'egg_chicken_pasta','egg','raw',1.0000,'pcs'),(1020,'egg_chicken_pasta','chicken_keema','intermediate',60.0000,'g'),(1021,'egg_chicken_pasta','onion','raw',10.0000,'g'),(1022,'egg_chicken_pasta','capsicum','raw',10.0000,'g'),(1023,'egg_chicken_pasta','sauce','raw',10.0000,'g'),(1024,'egg_paneer_pasta','pasta_base','prepared',1.0000,'portions'),(1025,'egg_paneer_pasta','egg','raw',1.0000,'pcs'),(1026,'egg_paneer_pasta','paneer_keema','intermediate',60.0000,'g'),(1027,'egg_paneer_pasta','onion','raw',10.0000,'g'),(1028,'egg_paneer_pasta','capsicum','raw',10.0000,'g'),(1029,'egg_paneer_pasta','sauce','raw',10.0000,'g'),(1030,'egg_chowmein','chowmein_base','prepared',1.0000,'portions'),(1031,'egg_chowmein','egg','raw',1.0000,'pcs'),(1032,'egg_chowmein','onion','raw',20.0000,'g'),(1033,'egg_chowmein','capsicum','raw',20.0000,'g'),(1034,'egg_chowmein','sauce','raw',10.0000,'g'),(1035,'paneer_chowmein','chowmein_base','prepared',1.0000,'portions'),(1036,'paneer_chowmein','paneer_keema','intermediate',60.0000,'g'),(1037,'paneer_chowmein','onion','raw',20.0000,'g'),(1038,'paneer_chowmein','capsicum','raw',20.0000,'g'),(1039,'paneer_chowmein','sauce','raw',10.0000,'g'),(1040,'egg_chicken_chowmein','chowmein_base','prepared',1.0000,'portions'),(1041,'egg_chicken_chowmein','egg','raw',1.0000,'pcs'),(1042,'egg_chicken_chowmein','chicken_keema','intermediate',60.0000,'g'),(1043,'egg_chicken_chowmein','onion','raw',20.0000,'g'),(1044,'egg_chicken_chowmein','capsicum','raw',20.0000,'g'),(1045,'egg_chicken_chowmein','sauce','raw',10.0000,'g'),(1046,'egg_paneer_chowmein','chowmein_base','prepared',1.0000,'portions'),(1047,'egg_paneer_chowmein','egg','raw',1.0000,'pcs'),(1048,'egg_paneer_chowmein','paneer_keema','intermediate',60.0000,'g'),(1049,'egg_paneer_chowmein','onion','raw',20.0000,'g'),(1050,'egg_paneer_chowmein','capsicum','raw',20.0000,'g'),(1051,'egg_paneer_chowmein','sauce','raw',10.0000,'g'),(1055,'paneer_roll','paratha_base','prepared',1.0000,'pcs'),(1056,'paneer_roll','paneer_keema','intermediate',80.0000,'g'),(1057,'paneer_roll','onion','raw',20.0000,'g'),(1058,'paneer_roll','sauce','raw',10.0000,'g'),(1059,'egg_chicken_roll','paratha_base','prepared',1.0000,'pcs'),(1060,'egg_chicken_roll','egg','raw',1.0000,'pcs'),(1061,'egg_chicken_roll','chicken_keema','intermediate',80.0000,'g'),(1062,'egg_chicken_roll','onion','raw',20.0000,'g'),(1063,'egg_chicken_roll','sauce','raw',10.0000,'g'),(1064,'egg_paneer_roll','paratha_base','prepared',1.0000,'pcs'),(1065,'egg_paneer_roll','egg','raw',1.0000,'pcs'),(1066,'egg_paneer_roll','paneer_keema','intermediate',80.0000,'g'),(1067,'egg_paneer_roll','onion','raw',20.0000,'g'),(1068,'egg_paneer_roll','sauce','raw',10.0000,'g'),(1069,'chicken_paratha','paratha_base','prepared',1.0000,'pcs'),(1070,'chicken_paratha','chicken_keema','intermediate',80.0000,'g'),(1071,'chicken_paratha','onion','raw',20.0000,'g'),(1072,'gogni_paratha','paratha_base','prepared',1.0000,'pcs'),(1073,'gogni_paratha','ghugni_gravy','intermediate',150.0000,'g'),(1074,'chola_bhatura','flour','raw',100.0000,'g'),(1075,'chola_bhatura','oil','raw',30.0000,'ml'),(1076,'chola_bhatura','chole_gravy','intermediate',150.0000,'g'),(1091,'veg_pasta','pasta_base','prepared',1.0000,'portions'),(1092,'veg_pasta','onion','raw',10.0000,'g'),(1093,'veg_pasta','capsicum','raw',10.0000,'g'),(1094,'veg_pasta','sauce','raw',10.0000,'g'),(1095,'egg_pasta','pasta_base','prepared',1.0000,'portions'),(1096,'egg_pasta','egg','raw',1.0000,'pcs'),(1097,'egg_pasta','onion','raw',10.0000,'g'),(1098,'egg_pasta','capsicum','raw',10.0000,'g'),(1099,'egg_pasta','sauce','raw',10.0000,'g'),(1100,'paneer_pasta','pasta_base','prepared',1.0000,'portions'),(1101,'paneer_pasta','paneer_keema','intermediate',60.0000,'g'),(1102,'paneer_pasta','onion','raw',10.0000,'g'),(1103,'paneer_pasta','capsicum','raw',10.0000,'g'),(1104,'paneer_pasta','sauce','raw',10.0000,'g'),(1105,'egg_chicken_pasta','pasta_base','prepared',1.0000,'portions'),(1106,'egg_chicken_pasta','egg','raw',1.0000,'pcs'),(1107,'egg_chicken_pasta','chicken_keema','intermediate',60.0000,'g'),(1108,'egg_chicken_pasta','onion','raw',10.0000,'g'),(1109,'egg_chicken_pasta','capsicum','raw',10.0000,'g'),(1110,'egg_chicken_pasta','sauce','raw',10.0000,'g'),(1111,'egg_paneer_pasta','pasta_base','prepared',1.0000,'portions'),(1112,'egg_paneer_pasta','egg','raw',1.0000,'pcs'),(1113,'egg_paneer_pasta','paneer_keema','intermediate',60.0000,'g'),(1114,'egg_paneer_pasta','onion','raw',10.0000,'g'),(1115,'egg_paneer_pasta','capsicum','raw',10.0000,'g'),(1116,'egg_paneer_pasta','sauce','raw',10.0000,'g'),(1117,'egg_chowmein','chowmein_base','prepared',1.0000,'portions'),(1118,'egg_chowmein','egg','raw',1.0000,'pcs'),(1119,'egg_chowmein','onion','raw',20.0000,'g'),(1120,'egg_chowmein','capsicum','raw',20.0000,'g'),(1121,'egg_chowmein','sauce','raw',10.0000,'g'),(1122,'paneer_chowmein','chowmein_base','prepared',1.0000,'portions'),(1123,'paneer_chowmein','paneer_keema','intermediate',60.0000,'g'),(1124,'paneer_chowmein','onion','raw',20.0000,'g'),(1125,'paneer_chowmein','capsicum','raw',20.0000,'g'),(1126,'paneer_chowmein','sauce','raw',10.0000,'g'),(1127,'egg_chicken_chowmein','chowmein_base','prepared',1.0000,'portions'),(1128,'egg_chicken_chowmein','egg','raw',1.0000,'pcs'),(1129,'egg_chicken_chowmein','chicken_keema','intermediate',60.0000,'g'),(1130,'egg_chicken_chowmein','onion','raw',20.0000,'g'),(1131,'egg_chicken_chowmein','capsicum','raw',20.0000,'g'),(1132,'egg_chicken_chowmein','sauce','raw',10.0000,'g'),(1133,'egg_paneer_chowmein','chowmein_base','prepared',1.0000,'portions'),(1134,'egg_paneer_chowmein','egg','raw',1.0000,'pcs'),(1135,'egg_paneer_chowmein','paneer_keema','intermediate',60.0000,'g'),(1136,'egg_paneer_chowmein','onion','raw',20.0000,'g'),(1137,'egg_paneer_chowmein','capsicum','raw',20.0000,'g'),(1138,'egg_paneer_chowmein','sauce','raw',10.0000,'g'),(1142,'paneer_roll','paratha_base','prepared',1.0000,'pcs'),(1143,'paneer_roll','paneer_keema','intermediate',80.0000,'g'),(1144,'paneer_roll','onion','raw',20.0000,'g'),(1145,'paneer_roll','sauce','raw',10.0000,'g'),(1146,'egg_chicken_roll','paratha_base','prepared',1.0000,'pcs'),(1147,'egg_chicken_roll','egg','raw',1.0000,'pcs'),(1148,'egg_chicken_roll','chicken_keema','intermediate',80.0000,'g'),(1149,'egg_chicken_roll','onion','raw',20.0000,'g'),(1150,'egg_chicken_roll','sauce','raw',10.0000,'g'),(1151,'egg_paneer_roll','paratha_base','prepared',1.0000,'pcs'),(1152,'egg_paneer_roll','egg','raw',1.0000,'pcs'),(1153,'egg_paneer_roll','paneer_keema','intermediate',80.0000,'g'),(1154,'egg_paneer_roll','onion','raw',20.0000,'g'),(1155,'egg_paneer_roll','sauce','raw',10.0000,'g'),(1156,'chicken_paratha','paratha_base','prepared',1.0000,'pcs'),(1157,'chicken_paratha','chicken_keema','intermediate',80.0000,'g'),(1158,'chicken_paratha','onion','raw',20.0000,'g'),(1159,'gogni_paratha','paratha_base','prepared',1.0000,'pcs'),(1160,'gogni_paratha','ghugni_gravy','intermediate',150.0000,'g'),(1161,'chola_bhatura','flour','raw',100.0000,'g'),(1162,'chola_bhatura','oil','raw',30.0000,'ml'),(1163,'chola_bhatura','chole_gravy','intermediate',150.0000,'g'),(1178,'veg_pasta','pasta_base','prepared',1.0000,'portions'),(1179,'veg_pasta','onion','raw',10.0000,'g'),(1180,'veg_pasta','capsicum','raw',10.0000,'g'),(1181,'veg_pasta','sauce','raw',10.0000,'g'),(1182,'egg_pasta','pasta_base','prepared',1.0000,'portions'),(1183,'egg_pasta','egg','raw',1.0000,'pcs'),(1184,'egg_pasta','onion','raw',10.0000,'g'),(1185,'egg_pasta','capsicum','raw',10.0000,'g'),(1186,'egg_pasta','sauce','raw',10.0000,'g'),(1187,'paneer_pasta','pasta_base','prepared',1.0000,'portions'),(1188,'paneer_pasta','paneer_keema','intermediate',60.0000,'g'),(1189,'paneer_pasta','onion','raw',10.0000,'g'),(1190,'paneer_pasta','capsicum','raw',10.0000,'g'),(1191,'paneer_pasta','sauce','raw',10.0000,'g'),(1192,'egg_chicken_pasta','pasta_base','prepared',1.0000,'portions'),(1193,'egg_chicken_pasta','egg','raw',1.0000,'pcs'),(1194,'egg_chicken_pasta','chicken_keema','intermediate',60.0000,'g'),(1195,'egg_chicken_pasta','onion','raw',10.0000,'g'),(1196,'egg_chicken_pasta','capsicum','raw',10.0000,'g'),(1197,'egg_chicken_pasta','sauce','raw',10.0000,'g'),(1198,'egg_paneer_pasta','pasta_base','prepared',1.0000,'portions'),(1199,'egg_paneer_pasta','egg','raw',1.0000,'pcs'),(1200,'egg_paneer_pasta','paneer_keema','intermediate',60.0000,'g'),(1201,'egg_paneer_pasta','onion','raw',10.0000,'g'),(1202,'egg_paneer_pasta','capsicum','raw',10.0000,'g'),(1203,'egg_paneer_pasta','sauce','raw',10.0000,'g'),(1204,'egg_chowmein','chowmein_base','prepared',1.0000,'portions'),(1205,'egg_chowmein','egg','raw',1.0000,'pcs'),(1206,'egg_chowmein','onion','raw',20.0000,'g'),(1207,'egg_chowmein','capsicum','raw',20.0000,'g'),(1208,'egg_chowmein','sauce','raw',10.0000,'g'),(1209,'paneer_chowmein','chowmein_base','prepared',1.0000,'portions'),(1210,'paneer_chowmein','paneer_keema','intermediate',60.0000,'g'),(1211,'paneer_chowmein','onion','raw',20.0000,'g'),(1212,'paneer_chowmein','capsicum','raw',20.0000,'g'),(1213,'paneer_chowmein','sauce','raw',10.0000,'g'),(1214,'egg_chicken_chowmein','chowmein_base','prepared',1.0000,'portions'),(1215,'egg_chicken_chowmein','egg','raw',1.0000,'pcs'),(1216,'egg_chicken_chowmein','chicken_keema','intermediate',60.0000,'g'),(1217,'egg_chicken_chowmein','onion','raw',20.0000,'g'),(1218,'egg_chicken_chowmein','capsicum','raw',20.0000,'g'),(1219,'egg_chicken_chowmein','sauce','raw',10.0000,'g'),(1220,'egg_paneer_chowmein','chowmein_base','prepared',1.0000,'portions'),(1221,'egg_paneer_chowmein','egg','raw',1.0000,'pcs'),(1222,'egg_paneer_chowmein','paneer_keema','intermediate',60.0000,'g'),(1223,'egg_paneer_chowmein','onion','raw',20.0000,'g'),(1224,'egg_paneer_chowmein','capsicum','raw',20.0000,'g'),(1225,'egg_paneer_chowmein','sauce','raw',10.0000,'g'),(1229,'paneer_roll','paratha_base','prepared',1.0000,'pcs'),(1230,'paneer_roll','paneer_keema','intermediate',80.0000,'g'),(1231,'paneer_roll','onion','raw',20.0000,'g'),(1232,'paneer_roll','sauce','raw',10.0000,'g'),(1233,'egg_chicken_roll','paratha_base','prepared',1.0000,'pcs'),(1234,'egg_chicken_roll','egg','raw',1.0000,'pcs'),(1235,'egg_chicken_roll','chicken_keema','intermediate',80.0000,'g'),(1236,'egg_chicken_roll','onion','raw',20.0000,'g'),(1237,'egg_chicken_roll','sauce','raw',10.0000,'g'),(1238,'egg_paneer_roll','paratha_base','prepared',1.0000,'pcs'),(1239,'egg_paneer_roll','egg','raw',1.0000,'pcs'),(1240,'egg_paneer_roll','paneer_keema','intermediate',80.0000,'g'),(1241,'egg_paneer_roll','onion','raw',20.0000,'g'),(1242,'egg_paneer_roll','sauce','raw',10.0000,'g'),(1243,'chicken_paratha','paratha_base','prepared',1.0000,'pcs'),(1244,'chicken_paratha','chicken_keema','intermediate',80.0000,'g'),(1245,'chicken_paratha','onion','raw',20.0000,'g'),(1246,'gogni_paratha','paratha_base','prepared',1.0000,'pcs'),(1247,'gogni_paratha','ghugni_gravy','intermediate',150.0000,'g'),(1248,'chola_bhatura','flour','raw',100.0000,'g'),(1249,'chola_bhatura','oil','raw',30.0000,'ml'),(1250,'chola_bhatura','chole_gravy','intermediate',150.0000,'g'),(1266,'veg_pasta','pasta_base','prepared',1.0000,'portions'),(1267,'veg_pasta','onion','raw',10.0000,'g'),(1268,'veg_pasta','capsicum','raw',10.0000,'g'),(1269,'veg_pasta','sauce','raw',10.0000,'g'),(1270,'egg_pasta','pasta_base','prepared',1.0000,'portions'),(1271,'egg_pasta','egg','raw',1.0000,'pcs'),(1272,'egg_pasta','onion','raw',10.0000,'g'),(1273,'egg_pasta','capsicum','raw',10.0000,'g'),(1274,'egg_pasta','sauce','raw',10.0000,'g'),(1275,'paneer_pasta','pasta_base','prepared',1.0000,'portions'),(1276,'paneer_pasta','paneer_keema','intermediate',60.0000,'g'),(1277,'paneer_pasta','onion','raw',10.0000,'g'),(1278,'paneer_pasta','capsicum','raw',10.0000,'g'),(1279,'paneer_pasta','sauce','raw',10.0000,'g'),(1280,'egg_chicken_pasta','pasta_base','prepared',1.0000,'portions'),(1281,'egg_chicken_pasta','egg','raw',1.0000,'pcs'),(1282,'egg_chicken_pasta','chicken_keema','intermediate',60.0000,'g'),(1283,'egg_chicken_pasta','onion','raw',10.0000,'g'),(1284,'egg_chicken_pasta','capsicum','raw',10.0000,'g'),(1285,'egg_chicken_pasta','sauce','raw',10.0000,'g'),(1286,'egg_paneer_pasta','pasta_base','prepared',1.0000,'portions'),(1287,'egg_paneer_pasta','egg','raw',1.0000,'pcs'),(1288,'egg_paneer_pasta','paneer_keema','intermediate',60.0000,'g'),(1289,'egg_paneer_pasta','onion','raw',10.0000,'g'),(1290,'egg_paneer_pasta','capsicum','raw',10.0000,'g'),(1291,'egg_paneer_pasta','sauce','raw',10.0000,'g'),(1292,'egg_chowmein','chowmein_base','prepared',1.0000,'portions'),(1293,'egg_chowmein','egg','raw',1.0000,'pcs'),(1294,'egg_chowmein','onion','raw',20.0000,'g'),(1295,'egg_chowmein','capsicum','raw',20.0000,'g'),(1296,'egg_chowmein','sauce','raw',10.0000,'g'),(1297,'paneer_chowmein','chowmein_base','prepared',1.0000,'portions'),(1298,'paneer_chowmein','paneer_keema','intermediate',60.0000,'g'),(1299,'paneer_chowmein','onion','raw',20.0000,'g'),(1300,'paneer_chowmein','capsicum','raw',20.0000,'g'),(1301,'paneer_chowmein','sauce','raw',10.0000,'g'),(1302,'egg_chicken_chowmein','chowmein_base','prepared',1.0000,'portions'),(1303,'egg_chicken_chowmein','egg','raw',1.0000,'pcs'),(1304,'egg_chicken_chowmein','chicken_keema','intermediate',60.0000,'g'),(1305,'egg_chicken_chowmein','onion','raw',20.0000,'g'),(1306,'egg_chicken_chowmein','capsicum','raw',20.0000,'g'),(1307,'egg_chicken_chowmein','sauce','raw',10.0000,'g'),(1308,'egg_paneer_chowmein','chowmein_base','prepared',1.0000,'portions'),(1309,'egg_paneer_chowmein','egg','raw',1.0000,'pcs'),(1310,'egg_paneer_chowmein','paneer_keema','intermediate',60.0000,'g'),(1311,'egg_paneer_chowmein','onion','raw',20.0000,'g'),(1312,'egg_paneer_chowmein','capsicum','raw',20.0000,'g'),(1313,'egg_paneer_chowmein','sauce','raw',10.0000,'g'),(1317,'paneer_roll','paratha_base','prepared',1.0000,'pcs'),(1318,'paneer_roll','paneer_keema','intermediate',80.0000,'g'),(1319,'paneer_roll','onion','raw',20.0000,'g'),(1320,'paneer_roll','sauce','raw',10.0000,'g'),(1321,'egg_chicken_roll','paratha_base','prepared',1.0000,'pcs'),(1322,'egg_chicken_roll','egg','raw',1.0000,'pcs'),(1323,'egg_chicken_roll','chicken_keema','intermediate',80.0000,'g'),(1324,'egg_chicken_roll','onion','raw',20.0000,'g'),(1325,'egg_chicken_roll','sauce','raw',10.0000,'g'),(1326,'egg_paneer_roll','paratha_base','prepared',1.0000,'pcs'),(1327,'egg_paneer_roll','egg','raw',1.0000,'pcs'),(1328,'egg_paneer_roll','paneer_keema','intermediate',80.0000,'g'),(1329,'egg_paneer_roll','onion','raw',20.0000,'g'),(1330,'egg_paneer_roll','sauce','raw',10.0000,'g'),(1331,'chicken_paratha','paratha_base','prepared',1.0000,'pcs'),(1332,'chicken_paratha','chicken_keema','intermediate',80.0000,'g'),(1333,'chicken_paratha','onion','raw',20.0000,'g'),(1334,'gogni_paratha','paratha_base','prepared',1.0000,'pcs'),(1335,'gogni_paratha','ghugni_gravy','intermediate',150.0000,'g'),(1336,'chola_bhatura','flour','raw',100.0000,'g'),(1337,'chola_bhatura','oil','raw',30.0000,'ml'),(1338,'chola_bhatura','chole_gravy','intermediate',150.0000,'g'),(1354,'veg_pasta','pasta_base','prepared',1.0000,'portions'),(1355,'veg_pasta','onion','raw',10.0000,'g'),(1356,'veg_pasta','capsicum','raw',10.0000,'g'),(1357,'veg_pasta','sauce','raw',10.0000,'g'),(1358,'egg_pasta','pasta_base','prepared',1.0000,'portions'),(1359,'egg_pasta','egg','raw',1.0000,'pcs'),(1360,'egg_pasta','onion','raw',10.0000,'g'),(1361,'egg_pasta','capsicum','raw',10.0000,'g'),(1362,'egg_pasta','sauce','raw',10.0000,'g'),(1363,'paneer_pasta','pasta_base','prepared',1.0000,'portions'),(1364,'paneer_pasta','paneer_keema','intermediate',60.0000,'g'),(1365,'paneer_pasta','onion','raw',10.0000,'g'),(1366,'paneer_pasta','capsicum','raw',10.0000,'g'),(1367,'paneer_pasta','sauce','raw',10.0000,'g'),(1368,'egg_chicken_pasta','pasta_base','prepared',1.0000,'portions'),(1369,'egg_chicken_pasta','egg','raw',1.0000,'pcs'),(1370,'egg_chicken_pasta','chicken_keema','intermediate',60.0000,'g'),(1371,'egg_chicken_pasta','onion','raw',10.0000,'g'),(1372,'egg_chicken_pasta','capsicum','raw',10.0000,'g'),(1373,'egg_chicken_pasta','sauce','raw',10.0000,'g'),(1374,'egg_paneer_pasta','pasta_base','prepared',1.0000,'portions'),(1375,'egg_paneer_pasta','egg','raw',1.0000,'pcs'),(1376,'egg_paneer_pasta','paneer_keema','intermediate',60.0000,'g'),(1377,'egg_paneer_pasta','onion','raw',10.0000,'g'),(1378,'egg_paneer_pasta','capsicum','raw',10.0000,'g'),(1379,'egg_paneer_pasta','sauce','raw',10.0000,'g'),(1380,'egg_chowmein','chowmein_base','prepared',1.0000,'portions'),(1381,'egg_chowmein','egg','raw',1.0000,'pcs'),(1382,'egg_chowmein','onion','raw',20.0000,'g'),(1383,'egg_chowmein','capsicum','raw',20.0000,'g'),(1384,'egg_chowmein','sauce','raw',10.0000,'g'),(1385,'paneer_chowmein','chowmein_base','prepared',1.0000,'portions'),(1386,'paneer_chowmein','paneer_keema','intermediate',60.0000,'g'),(1387,'paneer_chowmein','onion','raw',20.0000,'g'),(1388,'paneer_chowmein','capsicum','raw',20.0000,'g'),(1389,'paneer_chowmein','sauce','raw',10.0000,'g'),(1390,'egg_chicken_chowmein','chowmein_base','prepared',1.0000,'portions'),(1391,'egg_chicken_chowmein','egg','raw',1.0000,'pcs'),(1392,'egg_chicken_chowmein','chicken_keema','intermediate',60.0000,'g'),(1393,'egg_chicken_chowmein','onion','raw',20.0000,'g'),(1394,'egg_chicken_chowmein','capsicum','raw',20.0000,'g'),(1395,'egg_chicken_chowmein','sauce','raw',10.0000,'g'),(1396,'egg_paneer_chowmein','chowmein_base','prepared',1.0000,'portions'),(1397,'egg_paneer_chowmein','egg','raw',1.0000,'pcs'),(1398,'egg_paneer_chowmein','paneer_keema','intermediate',60.0000,'g'),(1399,'egg_paneer_chowmein','onion','raw',20.0000,'g'),(1400,'egg_paneer_chowmein','capsicum','raw',20.0000,'g'),(1401,'egg_paneer_chowmein','sauce','raw',10.0000,'g'),(1405,'paneer_roll','paratha_base','prepared',1.0000,'pcs'),(1406,'paneer_roll','paneer_keema','intermediate',80.0000,'g'),(1407,'paneer_roll','onion','raw',20.0000,'g'),(1408,'paneer_roll','sauce','raw',10.0000,'g'),(1409,'egg_chicken_roll','paratha_base','prepared',1.0000,'pcs'),(1410,'egg_chicken_roll','egg','raw',1.0000,'pcs'),(1411,'egg_chicken_roll','chicken_keema','intermediate',80.0000,'g'),(1412,'egg_chicken_roll','onion','raw',20.0000,'g'),(1413,'egg_chicken_roll','sauce','raw',10.0000,'g'),(1414,'egg_paneer_roll','paratha_base','prepared',1.0000,'pcs'),(1415,'egg_paneer_roll','egg','raw',1.0000,'pcs'),(1416,'egg_paneer_roll','paneer_keema','intermediate',80.0000,'g'),(1417,'egg_paneer_roll','onion','raw',20.0000,'g'),(1418,'egg_paneer_roll','sauce','raw',10.0000,'g'),(1419,'chicken_paratha','paratha_base','prepared',1.0000,'pcs'),(1420,'chicken_paratha','chicken_keema','intermediate',80.0000,'g'),(1421,'chicken_paratha','onion','raw',20.0000,'g'),(1422,'gogni_paratha','paratha_base','prepared',1.0000,'pcs'),(1423,'gogni_paratha','ghugni_gravy','intermediate',150.0000,'g'),(1424,'chola_bhatura','flour','raw',100.0000,'g'),(1425,'chola_bhatura','oil','raw',30.0000,'ml'),(1426,'chola_bhatura','chole_gravy','intermediate',150.0000,'g'),(1443,'veg_pasta','pasta_base','prepared',1.0000,'portions'),(1444,'veg_pasta','onion','raw',10.0000,'g'),(1445,'veg_pasta','capsicum','raw',10.0000,'g'),(1446,'veg_pasta','sauce','raw',10.0000,'g'),(1447,'egg_pasta','pasta_base','prepared',1.0000,'portions'),(1448,'egg_pasta','egg','raw',1.0000,'pcs'),(1449,'egg_pasta','onion','raw',10.0000,'g'),(1450,'egg_pasta','capsicum','raw',10.0000,'g'),(1451,'egg_pasta','sauce','raw',10.0000,'g'),(1452,'paneer_pasta','pasta_base','prepared',1.0000,'portions'),(1453,'paneer_pasta','paneer_keema','intermediate',60.0000,'g'),(1454,'paneer_pasta','onion','raw',10.0000,'g'),(1455,'paneer_pasta','capsicum','raw',10.0000,'g'),(1456,'paneer_pasta','sauce','raw',10.0000,'g'),(1457,'egg_chicken_pasta','pasta_base','prepared',1.0000,'portions'),(1458,'egg_chicken_pasta','egg','raw',1.0000,'pcs'),(1459,'egg_chicken_pasta','chicken_keema','intermediate',60.0000,'g'),(1460,'egg_chicken_pasta','onion','raw',10.0000,'g'),(1461,'egg_chicken_pasta','capsicum','raw',10.0000,'g'),(1462,'egg_chicken_pasta','sauce','raw',10.0000,'g'),(1463,'egg_paneer_pasta','pasta_base','prepared',1.0000,'portions'),(1464,'egg_paneer_pasta','egg','raw',1.0000,'pcs'),(1465,'egg_paneer_pasta','paneer_keema','intermediate',60.0000,'g'),(1466,'egg_paneer_pasta','onion','raw',10.0000,'g'),(1467,'egg_paneer_pasta','capsicum','raw',10.0000,'g'),(1468,'egg_paneer_pasta','sauce','raw',10.0000,'g'),(1469,'egg_chowmein','chowmein_base','prepared',1.0000,'portions'),(1470,'egg_chowmein','egg','raw',1.0000,'pcs'),(1471,'egg_chowmein','onion','raw',20.0000,'g'),(1472,'egg_chowmein','capsicum','raw',20.0000,'g'),(1473,'egg_chowmein','sauce','raw',10.0000,'g'),(1474,'paneer_chowmein','chowmein_base','prepared',1.0000,'portions'),(1475,'paneer_chowmein','paneer_keema','intermediate',60.0000,'g'),(1476,'paneer_chowmein','onion','raw',20.0000,'g'),(1477,'paneer_chowmein','capsicum','raw',20.0000,'g'),(1478,'paneer_chowmein','sauce','raw',10.0000,'g'),(1479,'egg_chicken_chowmein','chowmein_base','prepared',1.0000,'portions'),(1480,'egg_chicken_chowmein','egg','raw',1.0000,'pcs'),(1481,'egg_chicken_chowmein','chicken_keema','intermediate',60.0000,'g'),(1482,'egg_chicken_chowmein','onion','raw',20.0000,'g'),(1483,'egg_chicken_chowmein','capsicum','raw',20.0000,'g'),(1484,'egg_chicken_chowmein','sauce','raw',10.0000,'g'),(1485,'egg_paneer_chowmein','chowmein_base','prepared',1.0000,'portions'),(1486,'egg_paneer_chowmein','egg','raw',1.0000,'pcs'),(1487,'egg_paneer_chowmein','paneer_keema','intermediate',60.0000,'g'),(1488,'egg_paneer_chowmein','onion','raw',20.0000,'g'),(1489,'egg_paneer_chowmein','capsicum','raw',20.0000,'g'),(1490,'egg_paneer_chowmein','sauce','raw',10.0000,'g'),(1494,'paneer_roll','paratha_base','prepared',1.0000,'pcs'),(1495,'paneer_roll','paneer_keema','intermediate',80.0000,'g'),(1496,'paneer_roll','onion','raw',20.0000,'g'),(1497,'paneer_roll','sauce','raw',10.0000,'g'),(1498,'egg_chicken_roll','paratha_base','prepared',1.0000,'pcs'),(1499,'egg_chicken_roll','egg','raw',1.0000,'pcs'),(1500,'egg_chicken_roll','chicken_keema','intermediate',80.0000,'g'),(1501,'egg_chicken_roll','onion','raw',20.0000,'g'),(1502,'egg_chicken_roll','sauce','raw',10.0000,'g'),(1503,'egg_paneer_roll','paratha_base','prepared',1.0000,'pcs'),(1504,'egg_paneer_roll','egg','raw',1.0000,'pcs'),(1505,'egg_paneer_roll','paneer_keema','intermediate',80.0000,'g'),(1506,'egg_paneer_roll','onion','raw',20.0000,'g'),(1507,'egg_paneer_roll','sauce','raw',10.0000,'g'),(1508,'chicken_paratha','paratha_base','prepared',1.0000,'pcs'),(1509,'chicken_paratha','chicken_keema','intermediate',80.0000,'g'),(1510,'chicken_paratha','onion','raw',20.0000,'g'),(1511,'gogni_paratha','paratha_base','prepared',1.0000,'pcs'),(1512,'gogni_paratha','ghugni_gravy','intermediate',150.0000,'g'),(1513,'chola_bhatura','flour','raw',100.0000,'g'),(1514,'chola_bhatura','oil','raw',30.0000,'ml'),(1515,'chola_bhatura','chole_gravy','intermediate',150.0000,'g'),(1531,'veg_pasta','pasta_base','prepared',1.0000,'portions'),(1532,'veg_pasta','onion','raw',10.0000,'g'),(1533,'veg_pasta','capsicum','raw',10.0000,'g'),(1534,'veg_pasta','sauce','raw',10.0000,'g'),(1535,'egg_pasta','pasta_base','prepared',1.0000,'portions'),(1536,'egg_pasta','egg','raw',1.0000,'pcs'),(1537,'egg_pasta','onion','raw',10.0000,'g'),(1538,'egg_pasta','capsicum','raw',10.0000,'g'),(1539,'egg_pasta','sauce','raw',10.0000,'g'),(1540,'paneer_pasta','pasta_base','prepared',1.0000,'portions'),(1541,'paneer_pasta','paneer_keema','intermediate',60.0000,'g'),(1542,'paneer_pasta','onion','raw',10.0000,'g'),(1543,'paneer_pasta','capsicum','raw',10.0000,'g'),(1544,'paneer_pasta','sauce','raw',10.0000,'g'),(1545,'egg_chicken_pasta','pasta_base','prepared',1.0000,'portions'),(1546,'egg_chicken_pasta','egg','raw',1.0000,'pcs'),(1547,'egg_chicken_pasta','chicken_keema','intermediate',60.0000,'g'),(1548,'egg_chicken_pasta','onion','raw',10.0000,'g'),(1549,'egg_chicken_pasta','capsicum','raw',10.0000,'g'),(1550,'egg_chicken_pasta','sauce','raw',10.0000,'g'),(1551,'egg_paneer_pasta','pasta_base','prepared',1.0000,'portions'),(1552,'egg_paneer_pasta','egg','raw',1.0000,'pcs'),(1553,'egg_paneer_pasta','paneer_keema','intermediate',60.0000,'g'),(1554,'egg_paneer_pasta','onion','raw',10.0000,'g'),(1555,'egg_paneer_pasta','capsicum','raw',10.0000,'g'),(1556,'egg_paneer_pasta','sauce','raw',10.0000,'g'),(1557,'egg_chowmein','chowmein_base','prepared',1.0000,'portions'),(1558,'egg_chowmein','egg','raw',1.0000,'pcs'),(1559,'egg_chowmein','onion','raw',20.0000,'g'),(1560,'egg_chowmein','capsicum','raw',20.0000,'g'),(1561,'egg_chowmein','sauce','raw',10.0000,'g'),(1562,'paneer_chowmein','chowmein_base','prepared',1.0000,'portions'),(1563,'paneer_chowmein','paneer_keema','intermediate',60.0000,'g'),(1564,'paneer_chowmein','onion','raw',20.0000,'g'),(1565,'paneer_chowmein','capsicum','raw',20.0000,'g'),(1566,'paneer_chowmein','sauce','raw',10.0000,'g'),(1567,'egg_chicken_chowmein','chowmein_base','prepared',1.0000,'portions'),(1568,'egg_chicken_chowmein','egg','raw',1.0000,'pcs'),(1569,'egg_chicken_chowmein','chicken_keema','intermediate',60.0000,'g'),(1570,'egg_chicken_chowmein','onion','raw',20.0000,'g'),(1571,'egg_chicken_chowmein','capsicum','raw',20.0000,'g'),(1572,'egg_chicken_chowmein','sauce','raw',10.0000,'g'),(1573,'egg_paneer_chowmein','chowmein_base','prepared',1.0000,'portions'),(1574,'egg_paneer_chowmein','egg','raw',1.0000,'pcs'),(1575,'egg_paneer_chowmein','paneer_keema','intermediate',60.0000,'g'),(1576,'egg_paneer_chowmein','onion','raw',20.0000,'g'),(1577,'egg_paneer_chowmein','capsicum','raw',20.0000,'g'),(1578,'egg_paneer_chowmein','sauce','raw',10.0000,'g'),(1582,'paneer_roll','paratha_base','prepared',1.0000,'pcs'),(1583,'paneer_roll','paneer_keema','intermediate',80.0000,'g'),(1584,'paneer_roll','onion','raw',20.0000,'g'),(1585,'paneer_roll','sauce','raw',10.0000,'g'),(1586,'egg_chicken_roll','paratha_base','prepared',1.0000,'pcs'),(1587,'egg_chicken_roll','egg','raw',1.0000,'pcs'),(1588,'egg_chicken_roll','chicken_keema','intermediate',80.0000,'g'),(1589,'egg_chicken_roll','onion','raw',20.0000,'g'),(1590,'egg_chicken_roll','sauce','raw',10.0000,'g'),(1591,'egg_paneer_roll','paratha_base','prepared',1.0000,'pcs'),(1592,'egg_paneer_roll','egg','raw',1.0000,'pcs'),(1593,'egg_paneer_roll','paneer_keema','intermediate',80.0000,'g'),(1594,'egg_paneer_roll','onion','raw',20.0000,'g'),(1595,'egg_paneer_roll','sauce','raw',10.0000,'g'),(1596,'chicken_paratha','paratha_base','prepared',1.0000,'pcs'),(1597,'chicken_paratha','chicken_keema','intermediate',80.0000,'g'),(1598,'chicken_paratha','onion','raw',20.0000,'g'),(1599,'gogni_paratha','paratha_base','prepared',1.0000,'pcs'),(1600,'gogni_paratha','ghugni_gravy','intermediate',150.0000,'g'),(1601,'chola_bhatura','flour','raw',100.0000,'g'),(1602,'chola_bhatura','oil','raw',30.0000,'ml'),(1603,'chola_bhatura','chole_gravy','intermediate',150.0000,'g'),(1619,'veg_pasta','pasta_base','prepared',1.0000,'portions'),(1620,'veg_pasta','onion','raw',10.0000,'g'),(1621,'veg_pasta','capsicum','raw',10.0000,'g'),(1622,'veg_pasta','sauce','raw',10.0000,'g'),(1623,'egg_pasta','pasta_base','prepared',1.0000,'portions'),(1624,'egg_pasta','egg','raw',1.0000,'pcs'),(1625,'egg_pasta','onion','raw',10.0000,'g'),(1626,'egg_pasta','capsicum','raw',10.0000,'g'),(1627,'egg_pasta','sauce','raw',10.0000,'g'),(1628,'paneer_pasta','pasta_base','prepared',1.0000,'portions'),(1629,'paneer_pasta','paneer_keema','intermediate',60.0000,'g'),(1630,'paneer_pasta','onion','raw',10.0000,'g'),(1631,'paneer_pasta','capsicum','raw',10.0000,'g'),(1632,'paneer_pasta','sauce','raw',10.0000,'g'),(1633,'egg_chicken_pasta','pasta_base','prepared',1.0000,'portions'),(1634,'egg_chicken_pasta','egg','raw',1.0000,'pcs'),(1635,'egg_chicken_pasta','chicken_keema','intermediate',60.0000,'g'),(1636,'egg_chicken_pasta','onion','raw',10.0000,'g'),(1637,'egg_chicken_pasta','capsicum','raw',10.0000,'g'),(1638,'egg_chicken_pasta','sauce','raw',10.0000,'g'),(1639,'egg_paneer_pasta','pasta_base','prepared',1.0000,'portions'),(1640,'egg_paneer_pasta','egg','raw',1.0000,'pcs'),(1641,'egg_paneer_pasta','paneer_keema','intermediate',60.0000,'g'),(1642,'egg_paneer_pasta','onion','raw',10.0000,'g'),(1643,'egg_paneer_pasta','capsicum','raw',10.0000,'g'),(1644,'egg_paneer_pasta','sauce','raw',10.0000,'g'),(1645,'egg_chowmein','chowmein_base','prepared',1.0000,'portions'),(1646,'egg_chowmein','egg','raw',1.0000,'pcs'),(1647,'egg_chowmein','onion','raw',20.0000,'g'),(1648,'egg_chowmein','capsicum','raw',20.0000,'g'),(1649,'egg_chowmein','sauce','raw',10.0000,'g'),(1650,'paneer_chowmein','chowmein_base','prepared',1.0000,'portions'),(1651,'paneer_chowmein','paneer_keema','intermediate',60.0000,'g'),(1652,'paneer_chowmein','onion','raw',20.0000,'g'),(1653,'paneer_chowmein','capsicum','raw',20.0000,'g'),(1654,'paneer_chowmein','sauce','raw',10.0000,'g'),(1655,'egg_chicken_chowmein','chowmein_base','prepared',1.0000,'portions'),(1656,'egg_chicken_chowmein','egg','raw',1.0000,'pcs'),(1657,'egg_chicken_chowmein','chicken_keema','intermediate',60.0000,'g'),(1658,'egg_chicken_chowmein','onion','raw',20.0000,'g'),(1659,'egg_chicken_chowmein','capsicum','raw',20.0000,'g'),(1660,'egg_chicken_chowmein','sauce','raw',10.0000,'g'),(1661,'egg_paneer_chowmein','chowmein_base','prepared',1.0000,'portions'),(1662,'egg_paneer_chowmein','egg','raw',1.0000,'pcs'),(1663,'egg_paneer_chowmein','paneer_keema','intermediate',60.0000,'g'),(1664,'egg_paneer_chowmein','onion','raw',20.0000,'g'),(1665,'egg_paneer_chowmein','capsicum','raw',20.0000,'g'),(1666,'egg_paneer_chowmein','sauce','raw',10.0000,'g'),(1670,'paneer_roll','paratha_base','prepared',1.0000,'pcs'),(1671,'paneer_roll','paneer_keema','intermediate',80.0000,'g'),(1672,'paneer_roll','onion','raw',20.0000,'g'),(1673,'paneer_roll','sauce','raw',10.0000,'g'),(1674,'egg_chicken_roll','paratha_base','prepared',1.0000,'pcs'),(1675,'egg_chicken_roll','egg','raw',1.0000,'pcs'),(1676,'egg_chicken_roll','chicken_keema','intermediate',80.0000,'g'),(1677,'egg_chicken_roll','onion','raw',20.0000,'g'),(1678,'egg_chicken_roll','sauce','raw',10.0000,'g'),(1679,'egg_paneer_roll','paratha_base','prepared',1.0000,'pcs'),(1680,'egg_paneer_roll','egg','raw',1.0000,'pcs'),(1681,'egg_paneer_roll','paneer_keema','intermediate',80.0000,'g'),(1682,'egg_paneer_roll','onion','raw',20.0000,'g'),(1683,'egg_paneer_roll','sauce','raw',10.0000,'g'),(1684,'chicken_paratha','paratha_base','prepared',1.0000,'pcs'),(1685,'chicken_paratha','chicken_keema','intermediate',80.0000,'g'),(1686,'chicken_paratha','onion','raw',20.0000,'g'),(1687,'gogni_paratha','paratha_base','prepared',1.0000,'pcs'),(1688,'gogni_paratha','ghugni_gravy','intermediate',150.0000,'g'),(1689,'chola_bhatura','flour','raw',100.0000,'g'),(1690,'chola_bhatura','oil','raw',30.0000,'ml'),(1691,'chola_bhatura','chole_gravy','intermediate',150.0000,'g'),(1707,'veg_pasta','pasta_base','prepared',1.0000,'portions'),(1708,'veg_pasta','onion','raw',10.0000,'g'),(1709,'veg_pasta','capsicum','raw',10.0000,'g'),(1710,'veg_pasta','sauce','raw',10.0000,'g'),(1711,'egg_pasta','pasta_base','prepared',1.0000,'portions'),(1712,'egg_pasta','egg','raw',1.0000,'pcs'),(1713,'egg_pasta','onion','raw',10.0000,'g'),(1714,'egg_pasta','capsicum','raw',10.0000,'g'),(1715,'egg_pasta','sauce','raw',10.0000,'g'),(1716,'paneer_pasta','pasta_base','prepared',1.0000,'portions'),(1717,'paneer_pasta','paneer_keema','intermediate',60.0000,'g'),(1718,'paneer_pasta','onion','raw',10.0000,'g'),(1719,'paneer_pasta','capsicum','raw',10.0000,'g'),(1720,'paneer_pasta','sauce','raw',10.0000,'g'),(1721,'egg_chicken_pasta','pasta_base','prepared',1.0000,'portions'),(1722,'egg_chicken_pasta','egg','raw',1.0000,'pcs'),(1723,'egg_chicken_pasta','chicken_keema','intermediate',60.0000,'g'),(1724,'egg_chicken_pasta','onion','raw',10.0000,'g'),(1725,'egg_chicken_pasta','capsicum','raw',10.0000,'g'),(1726,'egg_chicken_pasta','sauce','raw',10.0000,'g'),(1727,'egg_paneer_pasta','pasta_base','prepared',1.0000,'portions'),(1728,'egg_paneer_pasta','egg','raw',1.0000,'pcs'),(1729,'egg_paneer_pasta','paneer_keema','intermediate',60.0000,'g'),(1730,'egg_paneer_pasta','onion','raw',10.0000,'g'),(1731,'egg_paneer_pasta','capsicum','raw',10.0000,'g'),(1732,'egg_paneer_pasta','sauce','raw',10.0000,'g'),(1733,'egg_chowmein','chowmein_base','prepared',1.0000,'portions'),(1734,'egg_chowmein','egg','raw',1.0000,'pcs'),(1735,'egg_chowmein','onion','raw',20.0000,'g'),(1736,'egg_chowmein','capsicum','raw',20.0000,'g'),(1737,'egg_chowmein','sauce','raw',10.0000,'g'),(1738,'paneer_chowmein','chowmein_base','prepared',1.0000,'portions'),(1739,'paneer_chowmein','paneer_keema','intermediate',60.0000,'g'),(1740,'paneer_chowmein','onion','raw',20.0000,'g'),(1741,'paneer_chowmein','capsicum','raw',20.0000,'g'),(1742,'paneer_chowmein','sauce','raw',10.0000,'g'),(1743,'egg_chicken_chowmein','chowmein_base','prepared',1.0000,'portions'),(1744,'egg_chicken_chowmein','egg','raw',1.0000,'pcs'),(1745,'egg_chicken_chowmein','chicken_keema','intermediate',60.0000,'g'),(1746,'egg_chicken_chowmein','onion','raw',20.0000,'g'),(1747,'egg_chicken_chowmein','capsicum','raw',20.0000,'g'),(1748,'egg_chicken_chowmein','sauce','raw',10.0000,'g'),(1749,'egg_paneer_chowmein','chowmein_base','prepared',1.0000,'portions'),(1750,'egg_paneer_chowmein','egg','raw',1.0000,'pcs'),(1751,'egg_paneer_chowmein','paneer_keema','intermediate',60.0000,'g'),(1752,'egg_paneer_chowmein','onion','raw',20.0000,'g'),(1753,'egg_paneer_chowmein','capsicum','raw',20.0000,'g'),(1754,'egg_paneer_chowmein','sauce','raw',10.0000,'g'),(1758,'paneer_roll','paratha_base','prepared',1.0000,'pcs'),(1759,'paneer_roll','paneer_keema','intermediate',80.0000,'g'),(1760,'paneer_roll','onion','raw',20.0000,'g'),(1761,'paneer_roll','sauce','raw',10.0000,'g'),(1762,'egg_chicken_roll','paratha_base','prepared',1.0000,'pcs'),(1763,'egg_chicken_roll','egg','raw',1.0000,'pcs'),(1764,'egg_chicken_roll','chicken_keema','intermediate',80.0000,'g'),(1765,'egg_chicken_roll','onion','raw',20.0000,'g'),(1766,'egg_chicken_roll','sauce','raw',10.0000,'g'),(1767,'egg_paneer_roll','paratha_base','prepared',1.0000,'pcs'),(1768,'egg_paneer_roll','egg','raw',1.0000,'pcs'),(1769,'egg_paneer_roll','paneer_keema','intermediate',80.0000,'g'),(1770,'egg_paneer_roll','onion','raw',20.0000,'g'),(1771,'egg_paneer_roll','sauce','raw',10.0000,'g'),(1772,'chicken_paratha','paratha_base','prepared',1.0000,'pcs'),(1773,'chicken_paratha','chicken_keema','intermediate',80.0000,'g'),(1774,'chicken_paratha','onion','raw',20.0000,'g'),(1775,'gogni_paratha','paratha_base','prepared',1.0000,'pcs'),(1776,'gogni_paratha','ghugni_gravy','intermediate',150.0000,'g'),(1777,'chola_bhatura','flour','raw',100.0000,'g'),(1778,'chola_bhatura','oil','raw',30.0000,'ml'),(1779,'chola_bhatura','chole_gravy','intermediate',150.0000,'g'),(1795,'veg_pasta','pasta_base','prepared',1.0000,'portions'),(1796,'veg_pasta','onion','raw',10.0000,'g'),(1797,'veg_pasta','capsicum','raw',10.0000,'g'),(1798,'veg_pasta','sauce','raw',10.0000,'g'),(1799,'egg_pasta','pasta_base','prepared',1.0000,'portions'),(1800,'egg_pasta','egg','raw',1.0000,'pcs'),(1801,'egg_pasta','onion','raw',10.0000,'g'),(1802,'egg_pasta','capsicum','raw',10.0000,'g'),(1803,'egg_pasta','sauce','raw',10.0000,'g'),(1804,'paneer_pasta','pasta_base','prepared',1.0000,'portions'),(1805,'paneer_pasta','paneer_keema','intermediate',60.0000,'g'),(1806,'paneer_pasta','onion','raw',10.0000,'g'),(1807,'paneer_pasta','capsicum','raw',10.0000,'g'),(1808,'paneer_pasta','sauce','raw',10.0000,'g'),(1809,'egg_chicken_pasta','pasta_base','prepared',1.0000,'portions'),(1810,'egg_chicken_pasta','egg','raw',1.0000,'pcs'),(1811,'egg_chicken_pasta','chicken_keema','intermediate',60.0000,'g'),(1812,'egg_chicken_pasta','onion','raw',10.0000,'g'),(1813,'egg_chicken_pasta','capsicum','raw',10.0000,'g'),(1814,'egg_chicken_pasta','sauce','raw',10.0000,'g'),(1815,'egg_paneer_pasta','pasta_base','prepared',1.0000,'portions'),(1816,'egg_paneer_pasta','egg','raw',1.0000,'pcs'),(1817,'egg_paneer_pasta','paneer_keema','intermediate',60.0000,'g'),(1818,'egg_paneer_pasta','onion','raw',10.0000,'g'),(1819,'egg_paneer_pasta','capsicum','raw',10.0000,'g'),(1820,'egg_paneer_pasta','sauce','raw',10.0000,'g'),(1821,'egg_chowmein','chowmein_base','prepared',1.0000,'portions'),(1822,'egg_chowmein','egg','raw',1.0000,'pcs'),(1823,'egg_chowmein','onion','raw',20.0000,'g'),(1824,'egg_chowmein','capsicum','raw',20.0000,'g'),(1825,'egg_chowmein','sauce','raw',10.0000,'g'),(1826,'paneer_chowmein','chowmein_base','prepared',1.0000,'portions'),(1827,'paneer_chowmein','paneer_keema','intermediate',60.0000,'g'),(1828,'paneer_chowmein','onion','raw',20.0000,'g'),(1829,'paneer_chowmein','capsicum','raw',20.0000,'g'),(1830,'paneer_chowmein','sauce','raw',10.0000,'g'),(1831,'egg_chicken_chowmein','chowmein_base','prepared',1.0000,'portions'),(1832,'egg_chicken_chowmein','egg','raw',1.0000,'pcs'),(1833,'egg_chicken_chowmein','chicken_keema','intermediate',60.0000,'g'),(1834,'egg_chicken_chowmein','onion','raw',20.0000,'g'),(1835,'egg_chicken_chowmein','capsicum','raw',20.0000,'g'),(1836,'egg_chicken_chowmein','sauce','raw',10.0000,'g'),(1837,'egg_paneer_chowmein','chowmein_base','prepared',1.0000,'portions'),(1838,'egg_paneer_chowmein','egg','raw',1.0000,'pcs'),(1839,'egg_paneer_chowmein','paneer_keema','intermediate',60.0000,'g'),(1840,'egg_paneer_chowmein','onion','raw',20.0000,'g'),(1841,'egg_paneer_chowmein','capsicum','raw',20.0000,'g'),(1842,'egg_paneer_chowmein','sauce','raw',10.0000,'g'),(1846,'paneer_roll','paratha_base','prepared',1.0000,'pcs'),(1847,'paneer_roll','paneer_keema','intermediate',80.0000,'g'),(1848,'paneer_roll','onion','raw',20.0000,'g'),(1849,'paneer_roll','sauce','raw',10.0000,'g'),(1850,'egg_chicken_roll','paratha_base','prepared',1.0000,'pcs'),(1851,'egg_chicken_roll','egg','raw',1.0000,'pcs'),(1852,'egg_chicken_roll','chicken_keema','intermediate',80.0000,'g'),(1853,'egg_chicken_roll','onion','raw',20.0000,'g'),(1854,'egg_chicken_roll','sauce','raw',10.0000,'g'),(1855,'egg_paneer_roll','paratha_base','prepared',1.0000,'pcs'),(1856,'egg_paneer_roll','egg','raw',1.0000,'pcs'),(1857,'egg_paneer_roll','paneer_keema','intermediate',80.0000,'g'),(1858,'egg_paneer_roll','onion','raw',20.0000,'g'),(1859,'egg_paneer_roll','sauce','raw',10.0000,'g'),(1860,'chicken_paratha','paratha_base','prepared',1.0000,'pcs'),(1861,'chicken_paratha','chicken_keema','intermediate',80.0000,'g'),(1862,'chicken_paratha','onion','raw',20.0000,'g'),(1863,'gogni_paratha','paratha_base','prepared',1.0000,'pcs'),(1864,'gogni_paratha','ghugni_gravy','intermediate',150.0000,'g'),(1865,'chola_bhatura','flour','raw',100.0000,'g'),(1866,'chola_bhatura','oil','raw',30.0000,'ml'),(1867,'chola_bhatura','chole_gravy','intermediate',150.0000,'g'),(1883,'veg_pasta','pasta_base','prepared',1.0000,'portions'),(1884,'veg_pasta','onion','raw',10.0000,'g'),(1885,'veg_pasta','capsicum','raw',10.0000,'g'),(1886,'veg_pasta','sauce','raw',10.0000,'g'),(1887,'egg_pasta','pasta_base','prepared',1.0000,'portions'),(1888,'egg_pasta','egg','raw',1.0000,'pcs'),(1889,'egg_pasta','onion','raw',10.0000,'g'),(1890,'egg_pasta','capsicum','raw',10.0000,'g'),(1891,'egg_pasta','sauce','raw',10.0000,'g'),(1892,'paneer_pasta','pasta_base','prepared',1.0000,'portions'),(1893,'paneer_pasta','paneer_keema','intermediate',60.0000,'g'),(1894,'paneer_pasta','onion','raw',10.0000,'g'),(1895,'paneer_pasta','capsicum','raw',10.0000,'g'),(1896,'paneer_pasta','sauce','raw',10.0000,'g'),(1897,'egg_chicken_pasta','pasta_base','prepared',1.0000,'portions'),(1898,'egg_chicken_pasta','egg','raw',1.0000,'pcs'),(1899,'egg_chicken_pasta','chicken_keema','intermediate',60.0000,'g'),(1900,'egg_chicken_pasta','onion','raw',10.0000,'g'),(1901,'egg_chicken_pasta','capsicum','raw',10.0000,'g'),(1902,'egg_chicken_pasta','sauce','raw',10.0000,'g'),(1903,'egg_paneer_pasta','pasta_base','prepared',1.0000,'portions'),(1904,'egg_paneer_pasta','egg','raw',1.0000,'pcs'),(1905,'egg_paneer_pasta','paneer_keema','intermediate',60.0000,'g'),(1906,'egg_paneer_pasta','onion','raw',10.0000,'g'),(1907,'egg_paneer_pasta','capsicum','raw',10.0000,'g'),(1908,'egg_paneer_pasta','sauce','raw',10.0000,'g'),(1909,'egg_chowmein','chowmein_base','prepared',1.0000,'portions'),(1910,'egg_chowmein','egg','raw',1.0000,'pcs'),(1911,'egg_chowmein','onion','raw',20.0000,'g'),(1912,'egg_chowmein','capsicum','raw',20.0000,'g'),(1913,'egg_chowmein','sauce','raw',10.0000,'g'),(1914,'paneer_chowmein','chowmein_base','prepared',1.0000,'portions'),(1915,'paneer_chowmein','paneer_keema','intermediate',60.0000,'g'),(1916,'paneer_chowmein','onion','raw',20.0000,'g'),(1917,'paneer_chowmein','capsicum','raw',20.0000,'g'),(1918,'paneer_chowmein','sauce','raw',10.0000,'g'),(1919,'egg_chicken_chowmein','chowmein_base','prepared',1.0000,'portions'),(1920,'egg_chicken_chowmein','egg','raw',1.0000,'pcs'),(1921,'egg_chicken_chowmein','chicken_keema','intermediate',60.0000,'g'),(1922,'egg_chicken_chowmein','onion','raw',20.0000,'g'),(1923,'egg_chicken_chowmein','capsicum','raw',20.0000,'g'),(1924,'egg_chicken_chowmein','sauce','raw',10.0000,'g'),(1925,'egg_paneer_chowmein','chowmein_base','prepared',1.0000,'portions'),(1926,'egg_paneer_chowmein','egg','raw',1.0000,'pcs'),(1927,'egg_paneer_chowmein','paneer_keema','intermediate',60.0000,'g'),(1928,'egg_paneer_chowmein','onion','raw',20.0000,'g'),(1929,'egg_paneer_chowmein','capsicum','raw',20.0000,'g'),(1930,'egg_paneer_chowmein','sauce','raw',10.0000,'g'),(1934,'paneer_roll','paratha_base','prepared',1.0000,'pcs'),(1935,'paneer_roll','paneer_keema','intermediate',80.0000,'g'),(1936,'paneer_roll','onion','raw',20.0000,'g'),(1937,'paneer_roll','sauce','raw',10.0000,'g'),(1938,'egg_chicken_roll','paratha_base','prepared',1.0000,'pcs'),(1939,'egg_chicken_roll','egg','raw',1.0000,'pcs'),(1940,'egg_chicken_roll','chicken_keema','intermediate',80.0000,'g'),(1941,'egg_chicken_roll','onion','raw',20.0000,'g'),(1942,'egg_chicken_roll','sauce','raw',10.0000,'g'),(1943,'egg_paneer_roll','paratha_base','prepared',1.0000,'pcs'),(1944,'egg_paneer_roll','egg','raw',1.0000,'pcs'),(1945,'egg_paneer_roll','paneer_keema','intermediate',80.0000,'g'),(1946,'egg_paneer_roll','onion','raw',20.0000,'g'),(1947,'egg_paneer_roll','sauce','raw',10.0000,'g'),(1948,'chicken_paratha','paratha_base','prepared',1.0000,'pcs'),(1949,'chicken_paratha','chicken_keema','intermediate',80.0000,'g'),(1950,'chicken_paratha','onion','raw',20.0000,'g'),(1951,'gogni_paratha','paratha_base','prepared',1.0000,'pcs'),(1952,'gogni_paratha','ghugni_gravy','intermediate',150.0000,'g'),(1953,'chola_bhatura','flour','raw',100.0000,'g'),(1954,'chola_bhatura','oil','raw',30.0000,'ml'),(1955,'chola_bhatura','chole_gravy','intermediate',150.0000,'g'),(1957,'double_egg_chowmein','chowmein_base','prepared',1.0000,'portions'),(1958,'double_egg_chowmein','egg','raw',2.0000,'pcs'),(1959,'double_egg_chowmein','onion','raw',20.0000,'g'),(1960,'double_egg_chowmein','capsicum','raw',20.0000,'g'),(1961,'double_egg_chowmein','sauce','raw',10.0000,'g'),(1962,'double_egg_pasta','pasta_base','prepared',1.0000,'portions'),(1963,'double_egg_pasta','egg','raw',2.0000,'pcs'),(1964,'double_egg_pasta','onion','raw',10.0000,'g'),(1965,'double_egg_pasta','capsicum','raw',10.0000,'g'),(1966,'double_egg_pasta','sauce','raw',10.0000,'g'),(1967,'double_egg_roll','paratha_base','prepared',1.0000,'pcs'),(1968,'double_egg_roll','egg','raw',2.0000,'pcs'),(1969,'double_egg_roll','onion','raw',20.0000,'g'),(1970,'double_egg_roll','sauce','raw',10.0000,'g'),(1971,'veg_pasta','pasta_base','prepared',1.0000,'portions'),(1972,'veg_pasta','onion','raw',10.0000,'g'),(1973,'veg_pasta','capsicum','raw',10.0000,'g'),(1974,'veg_pasta','sauce','raw',10.0000,'g'),(1975,'egg_pasta','pasta_base','prepared',1.0000,'portions'),(1976,'egg_pasta','egg','raw',1.0000,'pcs'),(1977,'egg_pasta','onion','raw',10.0000,'g'),(1978,'egg_pasta','capsicum','raw',10.0000,'g'),(1979,'egg_pasta','sauce','raw',10.0000,'g'),(1980,'paneer_pasta','pasta_base','prepared',1.0000,'portions'),(1981,'paneer_pasta','paneer_keema','intermediate',60.0000,'g'),(1982,'paneer_pasta','onion','raw',10.0000,'g'),(1983,'paneer_pasta','capsicum','raw',10.0000,'g'),(1984,'paneer_pasta','sauce','raw',10.0000,'g'),(1985,'egg_chicken_pasta','pasta_base','prepared',1.0000,'portions'),(1986,'egg_chicken_pasta','egg','raw',1.0000,'pcs'),(1987,'egg_chicken_pasta','chicken_keema','intermediate',60.0000,'g'),(1988,'egg_chicken_pasta','onion','raw',10.0000,'g'),(1989,'egg_chicken_pasta','capsicum','raw',10.0000,'g'),(1990,'egg_chicken_pasta','sauce','raw',10.0000,'g'),(1991,'egg_paneer_pasta','pasta_base','prepared',1.0000,'portions'),(1992,'egg_paneer_pasta','egg','raw',1.0000,'pcs'),(1993,'egg_paneer_pasta','paneer_keema','intermediate',60.0000,'g'),(1994,'egg_paneer_pasta','onion','raw',10.0000,'g'),(1995,'egg_paneer_pasta','capsicum','raw',10.0000,'g'),(1996,'egg_paneer_pasta','sauce','raw',10.0000,'g'),(1997,'egg_chowmein','chowmein_base','prepared',1.0000,'portions'),(1998,'egg_chowmein','egg','raw',1.0000,'pcs'),(1999,'egg_chowmein','onion','raw',20.0000,'g'),(2000,'egg_chowmein','capsicum','raw',20.0000,'g'),(2001,'egg_chowmein','sauce','raw',10.0000,'g'),(2002,'paneer_chowmein','chowmein_base','prepared',1.0000,'portions'),(2003,'paneer_chowmein','paneer_keema','intermediate',60.0000,'g'),(2004,'paneer_chowmein','onion','raw',20.0000,'g'),(2005,'paneer_chowmein','capsicum','raw',20.0000,'g'),(2006,'paneer_chowmein','sauce','raw',10.0000,'g'),(2007,'egg_chicken_chowmein','chowmein_base','prepared',1.0000,'portions'),(2008,'egg_chicken_chowmein','egg','raw',1.0000,'pcs'),(2009,'egg_chicken_chowmein','chicken_keema','intermediate',60.0000,'g'),(2010,'egg_chicken_chowmein','onion','raw',20.0000,'g'),(2011,'egg_chicken_chowmein','capsicum','raw',20.0000,'g'),(2012,'egg_chicken_chowmein','sauce','raw',10.0000,'g'),(2013,'egg_paneer_chowmein','chowmein_base','prepared',1.0000,'portions'),(2014,'egg_paneer_chowmein','egg','raw',1.0000,'pcs'),(2015,'egg_paneer_chowmein','paneer_keema','intermediate',60.0000,'g'),(2016,'egg_paneer_chowmein','onion','raw',20.0000,'g'),(2017,'egg_paneer_chowmein','capsicum','raw',20.0000,'g'),(2018,'egg_paneer_chowmein','sauce','raw',10.0000,'g'),(2019,'veg_roll','paratha_base','prepared',1.0000,'pcs'),(2020,'veg_roll','onion','raw',20.0000,'g'),(2021,'veg_roll','sauce','raw',10.0000,'g'),(2022,'paneer_roll','paratha_base','prepared',1.0000,'pcs'),(2023,'paneer_roll','paneer_keema','intermediate',80.0000,'g'),(2024,'paneer_roll','onion','raw',20.0000,'g'),(2025,'paneer_roll','sauce','raw',10.0000,'g'),(2026,'egg_chicken_roll','paratha_base','prepared',1.0000,'pcs'),(2027,'egg_chicken_roll','egg','raw',1.0000,'pcs'),(2028,'egg_chicken_roll','chicken_keema','intermediate',80.0000,'g'),(2029,'egg_chicken_roll','onion','raw',20.0000,'g'),(2030,'egg_chicken_roll','sauce','raw',10.0000,'g'),(2031,'egg_paneer_roll','paratha_base','prepared',1.0000,'pcs'),(2032,'egg_paneer_roll','egg','raw',1.0000,'pcs'),(2033,'egg_paneer_roll','paneer_keema','intermediate',80.0000,'g'),(2034,'egg_paneer_roll','onion','raw',20.0000,'g'),(2035,'egg_paneer_roll','sauce','raw',10.0000,'g'),(2036,'chicken_paratha','paratha_base','prepared',1.0000,'pcs'),(2037,'chicken_paratha','chicken_keema','intermediate',80.0000,'g'),(2038,'chicken_paratha','onion','raw',20.0000,'g'),(2039,'gogni_paratha','paratha_base','prepared',1.0000,'pcs'),(2040,'gogni_paratha','ghugni_gravy','intermediate',150.0000,'g'),(2041,'chola_bhatura','flour','raw',100.0000,'g'),(2042,'chola_bhatura','oil','raw',30.0000,'ml'),(2043,'chola_bhatura','chole_gravy','intermediate',150.0000,'g'),(2044,'egg','egg','raw',1.0000,'pcs'),(2045,'double_egg_chowmein','chowmein_base','prepared',1.0000,'portions'),(2046,'double_egg_chowmein','egg','raw',2.0000,'pcs'),(2047,'double_egg_chowmein','onion','raw',20.0000,'g'),(2048,'double_egg_chowmein','capsicum','raw',20.0000,'g'),(2049,'double_egg_chowmein','sauce','raw',10.0000,'g'),(2050,'double_egg_pasta','pasta_base','prepared',1.0000,'portions'),(2051,'double_egg_pasta','egg','raw',2.0000,'pcs'),(2052,'double_egg_pasta','onion','raw',10.0000,'g'),(2053,'double_egg_pasta','capsicum','raw',10.0000,'g'),(2054,'double_egg_pasta','sauce','raw',10.0000,'g'),(2055,'double_egg_roll','paratha_base','prepared',1.0000,'pcs'),(2056,'double_egg_roll','egg','raw',2.0000,'pcs'),(2057,'double_egg_roll','onion','raw',20.0000,'g'),(2058,'double_egg_roll','sauce','raw',10.0000,'g'),(2059,'veg_pasta','pasta_base','prepared',1.0000,'portions'),(2060,'veg_pasta','onion','raw',10.0000,'g'),(2061,'veg_pasta','capsicum','raw',10.0000,'g'),(2062,'veg_pasta','sauce','raw',10.0000,'g'),(2063,'egg_pasta','pasta_base','prepared',1.0000,'portions'),(2064,'egg_pasta','egg','raw',1.0000,'pcs'),(2065,'egg_pasta','onion','raw',10.0000,'g'),(2066,'egg_pasta','capsicum','raw',10.0000,'g'),(2067,'egg_pasta','sauce','raw',10.0000,'g'),(2068,'paneer_pasta','pasta_base','prepared',1.0000,'portions'),(2069,'paneer_pasta','paneer_keema','intermediate',60.0000,'g'),(2070,'paneer_pasta','onion','raw',10.0000,'g'),(2071,'paneer_pasta','capsicum','raw',10.0000,'g'),(2072,'paneer_pasta','sauce','raw',10.0000,'g'),(2073,'egg_chicken_pasta','pasta_base','prepared',1.0000,'portions'),(2074,'egg_chicken_pasta','egg','raw',1.0000,'pcs'),(2075,'egg_chicken_pasta','chicken_keema','intermediate',60.0000,'g'),(2076,'egg_chicken_pasta','onion','raw',10.0000,'g'),(2077,'egg_chicken_pasta','capsicum','raw',10.0000,'g'),(2078,'egg_chicken_pasta','sauce','raw',10.0000,'g'),(2079,'egg_paneer_pasta','pasta_base','prepared',1.0000,'portions'),(2080,'egg_paneer_pasta','egg','raw',1.0000,'pcs'),(2081,'egg_paneer_pasta','paneer_keema','intermediate',60.0000,'g'),(2082,'egg_paneer_pasta','onion','raw',10.0000,'g'),(2083,'egg_paneer_pasta','capsicum','raw',10.0000,'g'),(2084,'egg_paneer_pasta','sauce','raw',10.0000,'g'),(2085,'egg_chowmein','chowmein_base','prepared',1.0000,'portions'),(2086,'egg_chowmein','egg','raw',1.0000,'pcs'),(2087,'egg_chowmein','onion','raw',20.0000,'g'),(2088,'egg_chowmein','capsicum','raw',20.0000,'g'),(2089,'egg_chowmein','sauce','raw',10.0000,'g'),(2090,'paneer_chowmein','chowmein_base','prepared',1.0000,'portions'),(2091,'paneer_chowmein','paneer_keema','intermediate',60.0000,'g'),(2092,'paneer_chowmein','onion','raw',20.0000,'g'),(2093,'paneer_chowmein','capsicum','raw',20.0000,'g'),(2094,'paneer_chowmein','sauce','raw',10.0000,'g'),(2095,'egg_chicken_chowmein','chowmein_base','prepared',1.0000,'portions'),(2096,'egg_chicken_chowmein','egg','raw',1.0000,'pcs'),(2097,'egg_chicken_chowmein','chicken_keema','intermediate',60.0000,'g'),(2098,'egg_chicken_chowmein','onion','raw',20.0000,'g'),(2099,'egg_chicken_chowmein','capsicum','raw',20.0000,'g'),(2100,'egg_chicken_chowmein','sauce','raw',10.0000,'g'),(2101,'egg_paneer_chowmein','chowmein_base','prepared',1.0000,'portions'),(2102,'egg_paneer_chowmein','egg','raw',1.0000,'pcs'),(2103,'egg_paneer_chowmein','paneer_keema','intermediate',60.0000,'g'),(2104,'egg_paneer_chowmein','onion','raw',20.0000,'g'),(2105,'egg_paneer_chowmein','capsicum','raw',20.0000,'g'),(2106,'egg_paneer_chowmein','sauce','raw',10.0000,'g'),(2107,'veg_roll','paratha_base','prepared',1.0000,'pcs'),(2108,'veg_roll','onion','raw',20.0000,'g'),(2109,'veg_roll','sauce','raw',10.0000,'g'),(2110,'paneer_roll','paratha_base','prepared',1.0000,'pcs'),(2111,'paneer_roll','paneer_keema','intermediate',80.0000,'g'),(2112,'paneer_roll','onion','raw',20.0000,'g'),(2113,'paneer_roll','sauce','raw',10.0000,'g'),(2114,'egg_chicken_roll','paratha_base','prepared',1.0000,'pcs'),(2115,'egg_chicken_roll','egg','raw',1.0000,'pcs'),(2116,'egg_chicken_roll','chicken_keema','intermediate',80.0000,'g'),(2117,'egg_chicken_roll','onion','raw',20.0000,'g'),(2118,'egg_chicken_roll','sauce','raw',10.0000,'g'),(2119,'egg_paneer_roll','paratha_base','prepared',1.0000,'pcs'),(2120,'egg_paneer_roll','egg','raw',1.0000,'pcs'),(2121,'egg_paneer_roll','paneer_keema','intermediate',80.0000,'g'),(2122,'egg_paneer_roll','onion','raw',20.0000,'g'),(2123,'egg_paneer_roll','sauce','raw',10.0000,'g'),(2124,'chicken_paratha','paratha_base','prepared',1.0000,'pcs'),(2125,'chicken_paratha','chicken_keema','intermediate',80.0000,'g'),(2126,'chicken_paratha','onion','raw',20.0000,'g'),(2127,'gogni_paratha','paratha_base','prepared',1.0000,'pcs'),(2128,'gogni_paratha','ghugni_gravy','intermediate',150.0000,'g'),(2129,'chola_bhatura','flour','raw',100.0000,'g'),(2130,'chola_bhatura','oil','raw',30.0000,'ml'),(2131,'chola_bhatura','chole_gravy','intermediate',150.0000,'g'),(2132,'egg','egg','raw',1.0000,'pcs'),(2133,'double_egg_chowmein','chowmein_base','prepared',1.0000,'portions'),(2134,'double_egg_chowmein','egg','raw',2.0000,'pcs'),(2135,'double_egg_chowmein','onion','raw',20.0000,'g'),(2136,'double_egg_chowmein','capsicum','raw',20.0000,'g'),(2137,'double_egg_chowmein','sauce','raw',10.0000,'g'),(2138,'double_egg_pasta','pasta_base','prepared',1.0000,'portions'),(2139,'double_egg_pasta','egg','raw',2.0000,'pcs'),(2140,'double_egg_pasta','onion','raw',10.0000,'g'),(2141,'double_egg_pasta','capsicum','raw',10.0000,'g'),(2142,'double_egg_pasta','sauce','raw',10.0000,'g'),(2143,'double_egg_roll','paratha_base','prepared',1.0000,'pcs'),(2144,'double_egg_roll','egg','raw',2.0000,'pcs'),(2145,'double_egg_roll','onion','raw',20.0000,'g'),(2146,'double_egg_roll','sauce','raw',10.0000,'g'),(2147,'veg_pasta','pasta_base','prepared',1.0000,'portions'),(2148,'veg_pasta','onion','raw',10.0000,'g'),(2149,'veg_pasta','capsicum','raw',10.0000,'g'),(2150,'veg_pasta','sauce','raw',10.0000,'g'),(2151,'egg_pasta','pasta_base','prepared',1.0000,'portions'),(2152,'egg_pasta','egg','raw',1.0000,'pcs'),(2153,'egg_pasta','onion','raw',10.0000,'g'),(2154,'egg_pasta','capsicum','raw',10.0000,'g'),(2155,'egg_pasta','sauce','raw',10.0000,'g'),(2156,'paneer_pasta','pasta_base','prepared',1.0000,'portions'),(2157,'paneer_pasta','paneer_keema','intermediate',60.0000,'g'),(2158,'paneer_pasta','onion','raw',10.0000,'g'),(2159,'paneer_pasta','capsicum','raw',10.0000,'g'),(2160,'paneer_pasta','sauce','raw',10.0000,'g'),(2161,'egg_chicken_pasta','pasta_base','prepared',1.0000,'portions'),(2162,'egg_chicken_pasta','egg','raw',1.0000,'pcs'),(2163,'egg_chicken_pasta','chicken_keema','intermediate',60.0000,'g'),(2164,'egg_chicken_pasta','onion','raw',10.0000,'g'),(2165,'egg_chicken_pasta','capsicum','raw',10.0000,'g'),(2166,'egg_chicken_pasta','sauce','raw',10.0000,'g'),(2167,'egg_paneer_pasta','pasta_base','prepared',1.0000,'portions'),(2168,'egg_paneer_pasta','egg','raw',1.0000,'pcs'),(2169,'egg_paneer_pasta','paneer_keema','intermediate',60.0000,'g'),(2170,'egg_paneer_pasta','onion','raw',10.0000,'g'),(2171,'egg_paneer_pasta','capsicum','raw',10.0000,'g'),(2172,'egg_paneer_pasta','sauce','raw',10.0000,'g'),(2173,'egg_chowmein','chowmein_base','prepared',1.0000,'portions'),(2174,'egg_chowmein','egg','raw',1.0000,'pcs'),(2175,'egg_chowmein','onion','raw',20.0000,'g'),(2176,'egg_chowmein','capsicum','raw',20.0000,'g'),(2177,'egg_chowmein','sauce','raw',10.0000,'g'),(2178,'paneer_chowmein','chowmein_base','prepared',1.0000,'portions'),(2179,'paneer_chowmein','paneer_keema','intermediate',60.0000,'g'),(2180,'paneer_chowmein','onion','raw',20.0000,'g'),(2181,'paneer_chowmein','capsicum','raw',20.0000,'g'),(2182,'paneer_chowmein','sauce','raw',10.0000,'g'),(2183,'egg_chicken_chowmein','chowmein_base','prepared',1.0000,'portions'),(2184,'egg_chicken_chowmein','egg','raw',1.0000,'pcs'),(2185,'egg_chicken_chowmein','chicken_keema','intermediate',60.0000,'g'),(2186,'egg_chicken_chowmein','onion','raw',20.0000,'g'),(2187,'egg_chicken_chowmein','capsicum','raw',20.0000,'g'),(2188,'egg_chicken_chowmein','sauce','raw',10.0000,'g'),(2189,'egg_paneer_chowmein','chowmein_base','prepared',1.0000,'portions'),(2190,'egg_paneer_chowmein','egg','raw',1.0000,'pcs'),(2191,'egg_paneer_chowmein','paneer_keema','intermediate',60.0000,'g'),(2192,'egg_paneer_chowmein','onion','raw',20.0000,'g'),(2193,'egg_paneer_chowmein','capsicum','raw',20.0000,'g'),(2194,'egg_paneer_chowmein','sauce','raw',10.0000,'g'),(2195,'veg_roll','paratha_base','prepared',1.0000,'pcs'),(2196,'veg_roll','onion','raw',20.0000,'g'),(2197,'veg_roll','sauce','raw',10.0000,'g'),(2198,'paneer_roll','paratha_base','prepared',1.0000,'pcs'),(2199,'paneer_roll','paneer_keema','intermediate',80.0000,'g'),(2200,'paneer_roll','onion','raw',20.0000,'g'),(2201,'paneer_roll','sauce','raw',10.0000,'g'),(2202,'egg_chicken_roll','paratha_base','prepared',1.0000,'pcs'),(2203,'egg_chicken_roll','egg','raw',1.0000,'pcs'),(2204,'egg_chicken_roll','chicken_keema','intermediate',80.0000,'g'),(2205,'egg_chicken_roll','onion','raw',20.0000,'g'),(2206,'egg_chicken_roll','sauce','raw',10.0000,'g'),(2207,'egg_paneer_roll','paratha_base','prepared',1.0000,'pcs'),(2208,'egg_paneer_roll','egg','raw',1.0000,'pcs'),(2209,'egg_paneer_roll','paneer_keema','intermediate',80.0000,'g'),(2210,'egg_paneer_roll','onion','raw',20.0000,'g'),(2211,'egg_paneer_roll','sauce','raw',10.0000,'g'),(2212,'chicken_paratha','paratha_base','prepared',1.0000,'pcs'),(2213,'chicken_paratha','chicken_keema','intermediate',80.0000,'g'),(2214,'chicken_paratha','onion','raw',20.0000,'g'),(2215,'gogni_paratha','paratha_base','prepared',1.0000,'pcs'),(2216,'gogni_paratha','ghugni_gravy','intermediate',150.0000,'g'),(2217,'chola_bhatura','flour','raw',100.0000,'g'),(2218,'chola_bhatura','oil','raw',30.0000,'ml'),(2219,'chola_bhatura','chole_gravy','intermediate',150.0000,'g'),(2220,'egg','egg','raw',1.0000,'pcs'),(2221,'double_egg_chowmein','chowmein_base','prepared',1.0000,'portions'),(2222,'double_egg_chowmein','egg','raw',2.0000,'pcs'),(2223,'double_egg_chowmein','onion','raw',20.0000,'g'),(2224,'double_egg_chowmein','capsicum','raw',20.0000,'g'),(2225,'double_egg_chowmein','sauce','raw',10.0000,'g'),(2226,'double_egg_pasta','pasta_base','prepared',1.0000,'portions'),(2227,'double_egg_pasta','egg','raw',2.0000,'pcs'),(2228,'double_egg_pasta','onion','raw',10.0000,'g'),(2229,'double_egg_pasta','capsicum','raw',10.0000,'g'),(2230,'double_egg_pasta','sauce','raw',10.0000,'g'),(2231,'double_egg_roll','paratha_base','prepared',1.0000,'pcs'),(2232,'double_egg_roll','egg','raw',2.0000,'pcs'),(2233,'double_egg_roll','onion','raw',20.0000,'g'),(2234,'double_egg_roll','sauce','raw',10.0000,'g'),(2235,'veg_pasta','pasta_base','prepared',1.0000,'portions'),(2236,'veg_pasta','onion','raw',10.0000,'g'),(2237,'veg_pasta','capsicum','raw',10.0000,'g'),(2238,'veg_pasta','sauce','raw',10.0000,'g'),(2239,'egg_pasta','pasta_base','prepared',1.0000,'portions'),(2240,'egg_pasta','egg','raw',1.0000,'pcs'),(2241,'egg_pasta','onion','raw',10.0000,'g'),(2242,'egg_pasta','capsicum','raw',10.0000,'g'),(2243,'egg_pasta','sauce','raw',10.0000,'g'),(2244,'paneer_pasta','pasta_base','prepared',1.0000,'portions'),(2245,'paneer_pasta','paneer_keema','intermediate',60.0000,'g'),(2246,'paneer_pasta','onion','raw',10.0000,'g'),(2247,'paneer_pasta','capsicum','raw',10.0000,'g'),(2248,'paneer_pasta','sauce','raw',10.0000,'g'),(2249,'egg_chicken_pasta','pasta_base','prepared',1.0000,'portions'),(2250,'egg_chicken_pasta','egg','raw',1.0000,'pcs'),(2251,'egg_chicken_pasta','chicken_keema','intermediate',60.0000,'g'),(2252,'egg_chicken_pasta','onion','raw',10.0000,'g'),(2253,'egg_chicken_pasta','capsicum','raw',10.0000,'g'),(2254,'egg_chicken_pasta','sauce','raw',10.0000,'g'),(2255,'egg_paneer_pasta','pasta_base','prepared',1.0000,'portions'),(2256,'egg_paneer_pasta','egg','raw',1.0000,'pcs'),(2257,'egg_paneer_pasta','paneer_keema','intermediate',60.0000,'g'),(2258,'egg_paneer_pasta','onion','raw',10.0000,'g'),(2259,'egg_paneer_pasta','capsicum','raw',10.0000,'g'),(2260,'egg_paneer_pasta','sauce','raw',10.0000,'g'),(2261,'egg_chowmein','chowmein_base','prepared',1.0000,'portions'),(2262,'egg_chowmein','egg','raw',1.0000,'pcs'),(2263,'egg_chowmein','onion','raw',20.0000,'g'),(2264,'egg_chowmein','capsicum','raw',20.0000,'g'),(2265,'egg_chowmein','sauce','raw',10.0000,'g'),(2266,'paneer_chowmein','chowmein_base','prepared',1.0000,'portions'),(2267,'paneer_chowmein','paneer_keema','intermediate',60.0000,'g'),(2268,'paneer_chowmein','onion','raw',20.0000,'g'),(2269,'paneer_chowmein','capsicum','raw',20.0000,'g'),(2270,'paneer_chowmein','sauce','raw',10.0000,'g'),(2271,'egg_chicken_chowmein','chowmein_base','prepared',1.0000,'portions'),(2272,'egg_chicken_chowmein','egg','raw',1.0000,'pcs'),(2273,'egg_chicken_chowmein','chicken_keema','intermediate',60.0000,'g'),(2274,'egg_chicken_chowmein','onion','raw',20.0000,'g'),(2275,'egg_chicken_chowmein','capsicum','raw',20.0000,'g'),(2276,'egg_chicken_chowmein','sauce','raw',10.0000,'g'),(2277,'egg_paneer_chowmein','chowmein_base','prepared',1.0000,'portions'),(2278,'egg_paneer_chowmein','egg','raw',1.0000,'pcs'),(2279,'egg_paneer_chowmein','paneer_keema','intermediate',60.0000,'g'),(2280,'egg_paneer_chowmein','onion','raw',20.0000,'g'),(2281,'egg_paneer_chowmein','capsicum','raw',20.0000,'g'),(2282,'egg_paneer_chowmein','sauce','raw',10.0000,'g'),(2283,'veg_roll','paratha_base','prepared',1.0000,'pcs'),(2284,'veg_roll','onion','raw',20.0000,'g'),(2285,'veg_roll','sauce','raw',10.0000,'g'),(2286,'paneer_roll','paratha_base','prepared',1.0000,'pcs'),(2287,'paneer_roll','paneer_keema','intermediate',80.0000,'g'),(2288,'paneer_roll','onion','raw',20.0000,'g'),(2289,'paneer_roll','sauce','raw',10.0000,'g'),(2290,'egg_chicken_roll','paratha_base','prepared',1.0000,'pcs'),(2291,'egg_chicken_roll','egg','raw',1.0000,'pcs'),(2292,'egg_chicken_roll','chicken_keema','intermediate',80.0000,'g'),(2293,'egg_chicken_roll','onion','raw',20.0000,'g'),(2294,'egg_chicken_roll','sauce','raw',10.0000,'g'),(2295,'egg_paneer_roll','paratha_base','prepared',1.0000,'pcs'),(2296,'egg_paneer_roll','egg','raw',1.0000,'pcs'),(2297,'egg_paneer_roll','paneer_keema','intermediate',80.0000,'g'),(2298,'egg_paneer_roll','onion','raw',20.0000,'g'),(2299,'egg_paneer_roll','sauce','raw',10.0000,'g'),(2300,'chicken_paratha','paratha_base','prepared',1.0000,'pcs'),(2301,'chicken_paratha','chicken_keema','intermediate',80.0000,'g'),(2302,'chicken_paratha','onion','raw',20.0000,'g'),(2303,'gogni_paratha','paratha_base','prepared',1.0000,'pcs'),(2304,'gogni_paratha','ghugni_gravy','intermediate',150.0000,'g'),(2305,'chola_bhatura','flour','raw',100.0000,'g'),(2306,'chola_bhatura','oil','raw',30.0000,'ml'),(2307,'chola_bhatura','chole_gravy','intermediate',150.0000,'g'),(2308,'egg','egg','raw',1.0000,'pcs'),(2309,'double_egg_chowmein','chowmein_base','prepared',1.0000,'portions'),(2310,'double_egg_chowmein','egg','raw',2.0000,'pcs'),(2311,'double_egg_chowmein','onion','raw',20.0000,'g'),(2312,'double_egg_chowmein','capsicum','raw',20.0000,'g'),(2313,'double_egg_chowmein','sauce','raw',10.0000,'g'),(2314,'double_egg_pasta','pasta_base','prepared',1.0000,'portions'),(2315,'double_egg_pasta','egg','raw',2.0000,'pcs'),(2316,'double_egg_pasta','onion','raw',10.0000,'g'),(2317,'double_egg_pasta','capsicum','raw',10.0000,'g'),(2318,'double_egg_pasta','sauce','raw',10.0000,'g'),(2319,'double_egg_roll','paratha_base','prepared',1.0000,'pcs'),(2320,'double_egg_roll','egg','raw',2.0000,'pcs'),(2321,'double_egg_roll','onion','raw',20.0000,'g'),(2322,'double_egg_roll','sauce','raw',10.0000,'g'),(2323,'veg_pasta','pasta_base','prepared',1.0000,'portions'),(2324,'veg_pasta','onion','raw',10.0000,'g'),(2325,'veg_pasta','capsicum','raw',10.0000,'g'),(2326,'veg_pasta','sauce','raw',10.0000,'g'),(2327,'egg_pasta','pasta_base','prepared',1.0000,'portions'),(2328,'egg_pasta','egg','raw',1.0000,'pcs'),(2329,'egg_pasta','onion','raw',10.0000,'g'),(2330,'egg_pasta','capsicum','raw',10.0000,'g'),(2331,'egg_pasta','sauce','raw',10.0000,'g'),(2332,'paneer_pasta','pasta_base','prepared',1.0000,'portions'),(2333,'paneer_pasta','paneer_keema','intermediate',60.0000,'g'),(2334,'paneer_pasta','onion','raw',10.0000,'g'),(2335,'paneer_pasta','capsicum','raw',10.0000,'g'),(2336,'paneer_pasta','sauce','raw',10.0000,'g'),(2337,'egg_chicken_pasta','pasta_base','prepared',1.0000,'portions'),(2338,'egg_chicken_pasta','egg','raw',1.0000,'pcs'),(2339,'egg_chicken_pasta','chicken_keema','intermediate',60.0000,'g'),(2340,'egg_chicken_pasta','onion','raw',10.0000,'g'),(2341,'egg_chicken_pasta','capsicum','raw',10.0000,'g'),(2342,'egg_chicken_pasta','sauce','raw',10.0000,'g'),(2343,'egg_paneer_pasta','pasta_base','prepared',1.0000,'portions'),(2344,'egg_paneer_pasta','egg','raw',1.0000,'pcs'),(2345,'egg_paneer_pasta','paneer_keema','intermediate',60.0000,'g'),(2346,'egg_paneer_pasta','onion','raw',10.0000,'g'),(2347,'egg_paneer_pasta','capsicum','raw',10.0000,'g'),(2348,'egg_paneer_pasta','sauce','raw',10.0000,'g'),(2349,'egg_chowmein','chowmein_base','prepared',1.0000,'portions'),(2350,'egg_chowmein','egg','raw',1.0000,'pcs'),(2351,'egg_chowmein','onion','raw',20.0000,'g'),(2352,'egg_chowmein','capsicum','raw',20.0000,'g'),(2353,'egg_chowmein','sauce','raw',10.0000,'g'),(2354,'paneer_chowmein','chowmein_base','prepared',1.0000,'portions'),(2355,'paneer_chowmein','paneer_keema','intermediate',60.0000,'g'),(2356,'paneer_chowmein','onion','raw',20.0000,'g'),(2357,'paneer_chowmein','capsicum','raw',20.0000,'g'),(2358,'paneer_chowmein','sauce','raw',10.0000,'g'),(2359,'egg_chicken_chowmein','chowmein_base','prepared',1.0000,'portions'),(2360,'egg_chicken_chowmein','egg','raw',1.0000,'pcs'),(2361,'egg_chicken_chowmein','chicken_keema','intermediate',60.0000,'g'),(2362,'egg_chicken_chowmein','onion','raw',20.0000,'g'),(2363,'egg_chicken_chowmein','capsicum','raw',20.0000,'g'),(2364,'egg_chicken_chowmein','sauce','raw',10.0000,'g'),(2365,'egg_paneer_chowmein','chowmein_base','prepared',1.0000,'portions'),(2366,'egg_paneer_chowmein','egg','raw',1.0000,'pcs'),(2367,'egg_paneer_chowmein','paneer_keema','intermediate',60.0000,'g'),(2368,'egg_paneer_chowmein','onion','raw',20.0000,'g'),(2369,'egg_paneer_chowmein','capsicum','raw',20.0000,'g'),(2370,'egg_paneer_chowmein','sauce','raw',10.0000,'g'),(2371,'veg_roll','paratha_base','prepared',1.0000,'pcs'),(2372,'veg_roll','onion','raw',20.0000,'g'),(2373,'veg_roll','sauce','raw',10.0000,'g'),(2374,'paneer_roll','paratha_base','prepared',1.0000,'pcs'),(2375,'paneer_roll','paneer_keema','intermediate',80.0000,'g'),(2376,'paneer_roll','onion','raw',20.0000,'g'),(2377,'paneer_roll','sauce','raw',10.0000,'g'),(2378,'egg_chicken_roll','paratha_base','prepared',1.0000,'pcs'),(2379,'egg_chicken_roll','egg','raw',1.0000,'pcs'),(2380,'egg_chicken_roll','chicken_keema','intermediate',80.0000,'g'),(2381,'egg_chicken_roll','onion','raw',20.0000,'g'),(2382,'egg_chicken_roll','sauce','raw',10.0000,'g'),(2383,'egg_paneer_roll','paratha_base','prepared',1.0000,'pcs'),(2384,'egg_paneer_roll','egg','raw',1.0000,'pcs'),(2385,'egg_paneer_roll','paneer_keema','intermediate',80.0000,'g'),(2386,'egg_paneer_roll','onion','raw',20.0000,'g'),(2387,'egg_paneer_roll','sauce','raw',10.0000,'g'),(2388,'chicken_paratha','paratha_base','prepared',1.0000,'pcs'),(2389,'chicken_paratha','chicken_keema','intermediate',80.0000,'g'),(2390,'chicken_paratha','onion','raw',20.0000,'g'),(2391,'gogni_paratha','paratha_base','prepared',1.0000,'pcs'),(2392,'gogni_paratha','ghugni_gravy','intermediate',150.0000,'g'),(2393,'chola_bhatura','flour','raw',100.0000,'g'),(2394,'chola_bhatura','oil','raw',30.0000,'ml'),(2395,'chola_bhatura','chole_gravy','intermediate',150.0000,'g'),(2396,'egg','egg','raw',1.0000,'pcs'),(2397,'double_egg_chowmein','chowmein_base','prepared',1.0000,'portions'),(2398,'double_egg_chowmein','egg','raw',2.0000,'pcs'),(2399,'double_egg_chowmein','onion','raw',20.0000,'g'),(2400,'double_egg_chowmein','capsicum','raw',20.0000,'g'),(2401,'double_egg_chowmein','sauce','raw',10.0000,'g'),(2402,'double_egg_pasta','pasta_base','prepared',1.0000,'portions'),(2403,'double_egg_pasta','egg','raw',2.0000,'pcs'),(2404,'double_egg_pasta','onion','raw',10.0000,'g'),(2405,'double_egg_pasta','capsicum','raw',10.0000,'g'),(2406,'double_egg_pasta','sauce','raw',10.0000,'g'),(2407,'double_egg_roll','paratha_base','prepared',1.0000,'pcs'),(2408,'double_egg_roll','egg','raw',2.0000,'pcs'),(2409,'double_egg_roll','onion','raw',20.0000,'g'),(2410,'double_egg_roll','sauce','raw',10.0000,'g'),(2411,'veg_pasta','pasta_base','prepared',1.0000,'portions'),(2412,'veg_pasta','onion','raw',10.0000,'g'),(2413,'veg_pasta','capsicum','raw',10.0000,'g'),(2414,'veg_pasta','sauce','raw',10.0000,'g'),(2415,'egg_pasta','pasta_base','prepared',1.0000,'portions'),(2416,'egg_pasta','egg','raw',1.0000,'pcs'),(2417,'egg_pasta','onion','raw',10.0000,'g'),(2418,'egg_pasta','capsicum','raw',10.0000,'g'),(2419,'egg_pasta','sauce','raw',10.0000,'g'),(2420,'paneer_pasta','pasta_base','prepared',1.0000,'portions'),(2421,'paneer_pasta','paneer_keema','intermediate',60.0000,'g'),(2422,'paneer_pasta','onion','raw',10.0000,'g'),(2423,'paneer_pasta','capsicum','raw',10.0000,'g'),(2424,'paneer_pasta','sauce','raw',10.0000,'g'),(2425,'egg_chicken_pasta','pasta_base','prepared',1.0000,'portions'),(2426,'egg_chicken_pasta','egg','raw',1.0000,'pcs'),(2427,'egg_chicken_pasta','chicken_keema','intermediate',60.0000,'g'),(2428,'egg_chicken_pasta','onion','raw',10.0000,'g'),(2429,'egg_chicken_pasta','capsicum','raw',10.0000,'g'),(2430,'egg_chicken_pasta','sauce','raw',10.0000,'g'),(2431,'egg_paneer_pasta','pasta_base','prepared',1.0000,'portions'),(2432,'egg_paneer_pasta','egg','raw',1.0000,'pcs'),(2433,'egg_paneer_pasta','paneer_keema','intermediate',60.0000,'g'),(2434,'egg_paneer_pasta','onion','raw',10.0000,'g'),(2435,'egg_paneer_pasta','capsicum','raw',10.0000,'g'),(2436,'egg_paneer_pasta','sauce','raw',10.0000,'g'),(2437,'egg_chowmein','chowmein_base','prepared',1.0000,'portions'),(2438,'egg_chowmein','egg','raw',1.0000,'pcs'),(2439,'egg_chowmein','onion','raw',20.0000,'g'),(2440,'egg_chowmein','capsicum','raw',20.0000,'g'),(2441,'egg_chowmein','sauce','raw',10.0000,'g'),(2442,'paneer_chowmein','chowmein_base','prepared',1.0000,'portions'),(2443,'paneer_chowmein','paneer_keema','intermediate',60.0000,'g'),(2444,'paneer_chowmein','onion','raw',20.0000,'g'),(2445,'paneer_chowmein','capsicum','raw',20.0000,'g'),(2446,'paneer_chowmein','sauce','raw',10.0000,'g'),(2447,'egg_chicken_chowmein','chowmein_base','prepared',1.0000,'portions'),(2448,'egg_chicken_chowmein','egg','raw',1.0000,'pcs'),(2449,'egg_chicken_chowmein','chicken_keema','intermediate',60.0000,'g'),(2450,'egg_chicken_chowmein','onion','raw',20.0000,'g'),(2451,'egg_chicken_chowmein','capsicum','raw',20.0000,'g'),(2452,'egg_chicken_chowmein','sauce','raw',10.0000,'g'),(2453,'egg_paneer_chowmein','chowmein_base','prepared',1.0000,'portions'),(2454,'egg_paneer_chowmein','egg','raw',1.0000,'pcs'),(2455,'egg_paneer_chowmein','paneer_keema','intermediate',60.0000,'g'),(2456,'egg_paneer_chowmein','onion','raw',20.0000,'g'),(2457,'egg_paneer_chowmein','capsicum','raw',20.0000,'g'),(2458,'egg_paneer_chowmein','sauce','raw',10.0000,'g'),(2459,'veg_roll','paratha_base','prepared',1.0000,'pcs'),(2460,'veg_roll','onion','raw',20.0000,'g'),(2461,'veg_roll','sauce','raw',10.0000,'g'),(2462,'paneer_roll','paratha_base','prepared',1.0000,'pcs'),(2463,'paneer_roll','paneer_keema','intermediate',80.0000,'g'),(2464,'paneer_roll','onion','raw',20.0000,'g'),(2465,'paneer_roll','sauce','raw',10.0000,'g'),(2466,'egg_chicken_roll','paratha_base','prepared',1.0000,'pcs'),(2467,'egg_chicken_roll','egg','raw',1.0000,'pcs'),(2468,'egg_chicken_roll','chicken_keema','intermediate',80.0000,'g'),(2469,'egg_chicken_roll','onion','raw',20.0000,'g'),(2470,'egg_chicken_roll','sauce','raw',10.0000,'g'),(2471,'egg_paneer_roll','paratha_base','prepared',1.0000,'pcs'),(2472,'egg_paneer_roll','egg','raw',1.0000,'pcs'),(2473,'egg_paneer_roll','paneer_keema','intermediate',80.0000,'g'),(2474,'egg_paneer_roll','onion','raw',20.0000,'g'),(2475,'egg_paneer_roll','sauce','raw',10.0000,'g'),(2476,'chicken_paratha','paratha_base','prepared',1.0000,'pcs'),(2477,'chicken_paratha','chicken_keema','intermediate',80.0000,'g'),(2478,'chicken_paratha','onion','raw',20.0000,'g'),(2479,'gogni_paratha','paratha_base','prepared',1.0000,'pcs'),(2480,'gogni_paratha','ghugni_gravy','intermediate',150.0000,'g'),(2481,'chola_bhatura','flour','raw',100.0000,'g'),(2482,'chola_bhatura','oil','raw',30.0000,'ml'),(2483,'chola_bhatura','chole_gravy','intermediate',150.0000,'g'),(2484,'egg','egg','raw',1.0000,'pcs'),(2485,'double_egg_chowmein','chowmein_base','prepared',1.0000,'portions'),(2486,'double_egg_chowmein','egg','raw',2.0000,'pcs'),(2487,'double_egg_chowmein','onion','raw',20.0000,'g'),(2488,'double_egg_chowmein','capsicum','raw',20.0000,'g'),(2489,'double_egg_chowmein','sauce','raw',10.0000,'g'),(2490,'double_egg_pasta','pasta_base','prepared',1.0000,'portions'),(2491,'double_egg_pasta','egg','raw',2.0000,'pcs'),(2492,'double_egg_pasta','onion','raw',10.0000,'g'),(2493,'double_egg_pasta','capsicum','raw',10.0000,'g'),(2494,'double_egg_pasta','sauce','raw',10.0000,'g'),(2495,'double_egg_roll','paratha_base','prepared',1.0000,'pcs'),(2496,'double_egg_roll','egg','raw',2.0000,'pcs'),(2497,'double_egg_roll','onion','raw',20.0000,'g'),(2498,'double_egg_roll','sauce','raw',10.0000,'g'),(2499,'veg_pasta','pasta_base','prepared',1.0000,'portions'),(2500,'veg_pasta','onion','raw',10.0000,'g'),(2501,'veg_pasta','capsicum','raw',10.0000,'g'),(2502,'veg_pasta','sauce','raw',10.0000,'g'),(2503,'egg_pasta','pasta_base','prepared',1.0000,'portions'),(2504,'egg_pasta','egg','raw',1.0000,'pcs'),(2505,'egg_pasta','onion','raw',10.0000,'g'),(2506,'egg_pasta','capsicum','raw',10.0000,'g'),(2507,'egg_pasta','sauce','raw',10.0000,'g'),(2508,'paneer_pasta','pasta_base','prepared',1.0000,'portions'),(2509,'paneer_pasta','paneer_keema','intermediate',60.0000,'g'),(2510,'paneer_pasta','onion','raw',10.0000,'g'),(2511,'paneer_pasta','capsicum','raw',10.0000,'g'),(2512,'paneer_pasta','sauce','raw',10.0000,'g'),(2513,'egg_chicken_pasta','pasta_base','prepared',1.0000,'portions'),(2514,'egg_chicken_pasta','egg','raw',1.0000,'pcs'),(2515,'egg_chicken_pasta','chicken_keema','intermediate',60.0000,'g'),(2516,'egg_chicken_pasta','onion','raw',10.0000,'g'),(2517,'egg_chicken_pasta','capsicum','raw',10.0000,'g'),(2518,'egg_chicken_pasta','sauce','raw',10.0000,'g'),(2519,'egg_paneer_pasta','pasta_base','prepared',1.0000,'portions'),(2520,'egg_paneer_pasta','egg','raw',1.0000,'pcs'),(2521,'egg_paneer_pasta','paneer_keema','intermediate',60.0000,'g'),(2522,'egg_paneer_pasta','onion','raw',10.0000,'g'),(2523,'egg_paneer_pasta','capsicum','raw',10.0000,'g'),(2524,'egg_paneer_pasta','sauce','raw',10.0000,'g'),(2525,'egg_chowmein','chowmein_base','prepared',1.0000,'portions'),(2526,'egg_chowmein','egg','raw',1.0000,'pcs'),(2527,'egg_chowmein','onion','raw',20.0000,'g'),(2528,'egg_chowmein','capsicum','raw',20.0000,'g'),(2529,'egg_chowmein','sauce','raw',10.0000,'g'),(2530,'paneer_chowmein','chowmein_base','prepared',1.0000,'portions'),(2531,'paneer_chowmein','paneer_keema','intermediate',60.0000,'g'),(2532,'paneer_chowmein','onion','raw',20.0000,'g'),(2533,'paneer_chowmein','capsicum','raw',20.0000,'g'),(2534,'paneer_chowmein','sauce','raw',10.0000,'g'),(2535,'egg_chicken_chowmein','chowmein_base','prepared',1.0000,'portions'),(2536,'egg_chicken_chowmein','egg','raw',1.0000,'pcs'),(2537,'egg_chicken_chowmein','chicken_keema','intermediate',60.0000,'g'),(2538,'egg_chicken_chowmein','onion','raw',20.0000,'g'),(2539,'egg_chicken_chowmein','capsicum','raw',20.0000,'g'),(2540,'egg_chicken_chowmein','sauce','raw',10.0000,'g'),(2541,'egg_paneer_chowmein','chowmein_base','prepared',1.0000,'portions'),(2542,'egg_paneer_chowmein','egg','raw',1.0000,'pcs'),(2543,'egg_paneer_chowmein','paneer_keema','intermediate',60.0000,'g'),(2544,'egg_paneer_chowmein','onion','raw',20.0000,'g'),(2545,'egg_paneer_chowmein','capsicum','raw',20.0000,'g'),(2546,'egg_paneer_chowmein','sauce','raw',10.0000,'g'),(2547,'veg_roll','paratha_base','prepared',1.0000,'pcs'),(2548,'veg_roll','onion','raw',20.0000,'g'),(2549,'veg_roll','sauce','raw',10.0000,'g'),(2550,'paneer_roll','paratha_base','prepared',1.0000,'pcs'),(2551,'paneer_roll','paneer_keema','intermediate',80.0000,'g'),(2552,'paneer_roll','onion','raw',20.0000,'g'),(2553,'paneer_roll','sauce','raw',10.0000,'g'),(2554,'egg_chicken_roll','paratha_base','prepared',1.0000,'pcs'),(2555,'egg_chicken_roll','egg','raw',1.0000,'pcs'),(2556,'egg_chicken_roll','chicken_keema','intermediate',80.0000,'g'),(2557,'egg_chicken_roll','onion','raw',20.0000,'g'),(2558,'egg_chicken_roll','sauce','raw',10.0000,'g'),(2559,'egg_paneer_roll','paratha_base','prepared',1.0000,'pcs'),(2560,'egg_paneer_roll','egg','raw',1.0000,'pcs'),(2561,'egg_paneer_roll','paneer_keema','intermediate',80.0000,'g'),(2562,'egg_paneer_roll','onion','raw',20.0000,'g'),(2563,'egg_paneer_roll','sauce','raw',10.0000,'g'),(2564,'chicken_paratha','paratha_base','prepared',1.0000,'pcs'),(2565,'chicken_paratha','chicken_keema','intermediate',80.0000,'g'),(2566,'chicken_paratha','onion','raw',20.0000,'g'),(2567,'gogni_paratha','paratha_base','prepared',1.0000,'pcs'),(2568,'gogni_paratha','ghugni_gravy','intermediate',150.0000,'g'),(2569,'chola_bhatura','flour','raw',100.0000,'g'),(2570,'chola_bhatura','oil','raw',30.0000,'ml'),(2571,'chola_bhatura','chole_gravy','intermediate',150.0000,'g'),(2572,'egg','egg','raw',1.0000,'pcs'),(2573,'double_egg_chowmein','chowmein_base','prepared',1.0000,'portions'),(2574,'double_egg_chowmein','egg','raw',2.0000,'pcs'),(2575,'double_egg_chowmein','onion','raw',20.0000,'g'),(2576,'double_egg_chowmein','capsicum','raw',20.0000,'g'),(2577,'double_egg_chowmein','sauce','raw',10.0000,'g'),(2578,'double_egg_pasta','pasta_base','prepared',1.0000,'portions'),(2579,'double_egg_pasta','egg','raw',2.0000,'pcs'),(2580,'double_egg_pasta','onion','raw',10.0000,'g'),(2581,'double_egg_pasta','capsicum','raw',10.0000,'g'),(2582,'double_egg_pasta','sauce','raw',10.0000,'g'),(2583,'double_egg_roll','paratha_base','prepared',1.0000,'pcs'),(2584,'double_egg_roll','egg','raw',2.0000,'pcs'),(2585,'double_egg_roll','onion','raw',20.0000,'g'),(2586,'double_egg_roll','sauce','raw',10.0000,'g'),(2587,'veg_pasta','pasta_base','prepared',1.0000,'portions'),(2588,'veg_pasta','onion','raw',10.0000,'g'),(2589,'veg_pasta','capsicum','raw',10.0000,'g'),(2590,'veg_pasta','sauce','raw',10.0000,'g'),(2591,'egg_pasta','pasta_base','prepared',1.0000,'portions'),(2592,'egg_pasta','egg','raw',1.0000,'pcs'),(2593,'egg_pasta','onion','raw',10.0000,'g'),(2594,'egg_pasta','capsicum','raw',10.0000,'g'),(2595,'egg_pasta','sauce','raw',10.0000,'g'),(2596,'paneer_pasta','pasta_base','prepared',1.0000,'portions'),(2597,'paneer_pasta','paneer_keema','intermediate',60.0000,'g'),(2598,'paneer_pasta','onion','raw',10.0000,'g'),(2599,'paneer_pasta','capsicum','raw',10.0000,'g'),(2600,'paneer_pasta','sauce','raw',10.0000,'g'),(2601,'egg_chicken_pasta','pasta_base','prepared',1.0000,'portions'),(2602,'egg_chicken_pasta','egg','raw',1.0000,'pcs'),(2603,'egg_chicken_pasta','chicken_keema','intermediate',60.0000,'g'),(2604,'egg_chicken_pasta','onion','raw',10.0000,'g'),(2605,'egg_chicken_pasta','capsicum','raw',10.0000,'g'),(2606,'egg_chicken_pasta','sauce','raw',10.0000,'g'),(2607,'egg_paneer_pasta','pasta_base','prepared',1.0000,'portions'),(2608,'egg_paneer_pasta','egg','raw',1.0000,'pcs'),(2609,'egg_paneer_pasta','paneer_keema','intermediate',60.0000,'g'),(2610,'egg_paneer_pasta','onion','raw',10.0000,'g'),(2611,'egg_paneer_pasta','capsicum','raw',10.0000,'g'),(2612,'egg_paneer_pasta','sauce','raw',10.0000,'g'),(2613,'egg_chowmein','chowmein_base','prepared',1.0000,'portions'),(2614,'egg_chowmein','egg','raw',1.0000,'pcs'),(2615,'egg_chowmein','onion','raw',20.0000,'g'),(2616,'egg_chowmein','capsicum','raw',20.0000,'g'),(2617,'egg_chowmein','sauce','raw',10.0000,'g'),(2618,'paneer_chowmein','chowmein_base','prepared',1.0000,'portions'),(2619,'paneer_chowmein','paneer_keema','intermediate',60.0000,'g'),(2620,'paneer_chowmein','onion','raw',20.0000,'g'),(2621,'paneer_chowmein','capsicum','raw',20.0000,'g'),(2622,'paneer_chowmein','sauce','raw',10.0000,'g'),(2623,'egg_chicken_chowmein','chowmein_base','prepared',1.0000,'portions'),(2624,'egg_chicken_chowmein','egg','raw',1.0000,'pcs'),(2625,'egg_chicken_chowmein','chicken_keema','intermediate',60.0000,'g'),(2626,'egg_chicken_chowmein','onion','raw',20.0000,'g'),(2627,'egg_chicken_chowmein','capsicum','raw',20.0000,'g'),(2628,'egg_chicken_chowmein','sauce','raw',10.0000,'g'),(2629,'egg_paneer_chowmein','chowmein_base','prepared',1.0000,'portions'),(2630,'egg_paneer_chowmein','egg','raw',1.0000,'pcs'),(2631,'egg_paneer_chowmein','paneer_keema','intermediate',60.0000,'g'),(2632,'egg_paneer_chowmein','onion','raw',20.0000,'g'),(2633,'egg_paneer_chowmein','capsicum','raw',20.0000,'g'),(2634,'egg_paneer_chowmein','sauce','raw',10.0000,'g'),(2635,'veg_roll','paratha_base','prepared',1.0000,'pcs'),(2636,'veg_roll','onion','raw',20.0000,'g'),(2637,'veg_roll','sauce','raw',10.0000,'g'),(2638,'paneer_roll','paratha_base','prepared',1.0000,'pcs'),(2639,'paneer_roll','paneer_keema','intermediate',80.0000,'g'),(2640,'paneer_roll','onion','raw',20.0000,'g'),(2641,'paneer_roll','sauce','raw',10.0000,'g'),(2642,'egg_chicken_roll','paratha_base','prepared',1.0000,'pcs'),(2643,'egg_chicken_roll','egg','raw',1.0000,'pcs'),(2644,'egg_chicken_roll','chicken_keema','intermediate',80.0000,'g'),(2645,'egg_chicken_roll','onion','raw',20.0000,'g'),(2646,'egg_chicken_roll','sauce','raw',10.0000,'g'),(2647,'egg_paneer_roll','paratha_base','prepared',1.0000,'pcs'),(2648,'egg_paneer_roll','egg','raw',1.0000,'pcs'),(2649,'egg_paneer_roll','paneer_keema','intermediate',80.0000,'g'),(2650,'egg_paneer_roll','onion','raw',20.0000,'g'),(2651,'egg_paneer_roll','sauce','raw',10.0000,'g'),(2652,'chicken_paratha','paratha_base','prepared',1.0000,'pcs'),(2653,'chicken_paratha','chicken_keema','intermediate',80.0000,'g'),(2654,'chicken_paratha','onion','raw',20.0000,'g'),(2655,'gogni_paratha','paratha_base','prepared',1.0000,'pcs'),(2656,'gogni_paratha','ghugni_gravy','intermediate',150.0000,'g'),(2657,'chola_bhatura','flour','raw',100.0000,'g'),(2658,'chola_bhatura','oil','raw',30.0000,'ml'),(2659,'chola_bhatura','chole_gravy','intermediate',150.0000,'g'),(2660,'egg','egg','raw',1.0000,'pcs'),(2661,'double_egg_chowmein','chowmein_base','prepared',1.0000,'portions'),(2662,'double_egg_chowmein','egg','raw',2.0000,'pcs'),(2663,'double_egg_chowmein','onion','raw',20.0000,'g'),(2664,'double_egg_chowmein','capsicum','raw',20.0000,'g'),(2665,'double_egg_chowmein','sauce','raw',10.0000,'g'),(2666,'double_egg_pasta','pasta_base','prepared',1.0000,'portions'),(2667,'double_egg_pasta','egg','raw',2.0000,'pcs'),(2668,'double_egg_pasta','onion','raw',10.0000,'g'),(2669,'double_egg_pasta','capsicum','raw',10.0000,'g'),(2670,'double_egg_pasta','sauce','raw',10.0000,'g'),(2671,'double_egg_roll','paratha_base','prepared',1.0000,'pcs'),(2672,'double_egg_roll','egg','raw',2.0000,'pcs'),(2673,'double_egg_roll','onion','raw',20.0000,'g'),(2674,'double_egg_roll','sauce','raw',10.0000,'g'),(2675,'veg_pasta','pasta_base','prepared',1.0000,'portions'),(2676,'veg_pasta','onion','raw',10.0000,'g'),(2677,'veg_pasta','capsicum','raw',10.0000,'g'),(2678,'veg_pasta','sauce','raw',10.0000,'g'),(2679,'egg_pasta','pasta_base','prepared',1.0000,'portions'),(2680,'egg_pasta','egg','raw',1.0000,'pcs'),(2681,'egg_pasta','onion','raw',10.0000,'g'),(2682,'egg_pasta','capsicum','raw',10.0000,'g'),(2683,'egg_pasta','sauce','raw',10.0000,'g'),(2684,'paneer_pasta','pasta_base','prepared',1.0000,'portions'),(2685,'paneer_pasta','paneer_keema','intermediate',60.0000,'g'),(2686,'paneer_pasta','onion','raw',10.0000,'g'),(2687,'paneer_pasta','capsicum','raw',10.0000,'g'),(2688,'paneer_pasta','sauce','raw',10.0000,'g'),(2689,'egg_chicken_pasta','pasta_base','prepared',1.0000,'portions'),(2690,'egg_chicken_pasta','egg','raw',1.0000,'pcs'),(2691,'egg_chicken_pasta','chicken_keema','intermediate',60.0000,'g'),(2692,'egg_chicken_pasta','onion','raw',10.0000,'g'),(2693,'egg_chicken_pasta','capsicum','raw',10.0000,'g'),(2694,'egg_chicken_pasta','sauce','raw',10.0000,'g'),(2695,'egg_paneer_pasta','pasta_base','prepared',1.0000,'portions'),(2696,'egg_paneer_pasta','egg','raw',1.0000,'pcs'),(2697,'egg_paneer_pasta','paneer_keema','intermediate',60.0000,'g'),(2698,'egg_paneer_pasta','onion','raw',10.0000,'g'),(2699,'egg_paneer_pasta','capsicum','raw',10.0000,'g'),(2700,'egg_paneer_pasta','sauce','raw',10.0000,'g'),(2701,'egg_chowmein','chowmein_base','prepared',1.0000,'portions'),(2702,'egg_chowmein','egg','raw',1.0000,'pcs'),(2703,'egg_chowmein','onion','raw',20.0000,'g'),(2704,'egg_chowmein','capsicum','raw',20.0000,'g'),(2705,'egg_chowmein','sauce','raw',10.0000,'g'),(2706,'paneer_chowmein','chowmein_base','prepared',1.0000,'portions'),(2707,'paneer_chowmein','paneer_keema','intermediate',60.0000,'g'),(2708,'paneer_chowmein','onion','raw',20.0000,'g'),(2709,'paneer_chowmein','capsicum','raw',20.0000,'g'),(2710,'paneer_chowmein','sauce','raw',10.0000,'g'),(2711,'egg_chicken_chowmein','chowmein_base','prepared',1.0000,'portions'),(2712,'egg_chicken_chowmein','egg','raw',1.0000,'pcs'),(2713,'egg_chicken_chowmein','chicken_keema','intermediate',60.0000,'g'),(2714,'egg_chicken_chowmein','onion','raw',20.0000,'g'),(2715,'egg_chicken_chowmein','capsicum','raw',20.0000,'g'),(2716,'egg_chicken_chowmein','sauce','raw',10.0000,'g'),(2717,'egg_paneer_chowmein','chowmein_base','prepared',1.0000,'portions'),(2718,'egg_paneer_chowmein','egg','raw',1.0000,'pcs'),(2719,'egg_paneer_chowmein','paneer_keema','intermediate',60.0000,'g'),(2720,'egg_paneer_chowmein','onion','raw',20.0000,'g'),(2721,'egg_paneer_chowmein','capsicum','raw',20.0000,'g'),(2722,'egg_paneer_chowmein','sauce','raw',10.0000,'g'),(2723,'veg_roll','paratha_base','prepared',1.0000,'pcs'),(2724,'veg_roll','onion','raw',20.0000,'g'),(2725,'veg_roll','sauce','raw',10.0000,'g'),(2726,'paneer_roll','paratha_base','prepared',1.0000,'pcs'),(2727,'paneer_roll','paneer_keema','intermediate',80.0000,'g'),(2728,'paneer_roll','onion','raw',20.0000,'g'),(2729,'paneer_roll','sauce','raw',10.0000,'g'),(2730,'egg_chicken_roll','paratha_base','prepared',1.0000,'pcs'),(2731,'egg_chicken_roll','egg','raw',1.0000,'pcs'),(2732,'egg_chicken_roll','chicken_keema','intermediate',80.0000,'g'),(2733,'egg_chicken_roll','onion','raw',20.0000,'g'),(2734,'egg_chicken_roll','sauce','raw',10.0000,'g'),(2735,'egg_paneer_roll','paratha_base','prepared',1.0000,'pcs'),(2736,'egg_paneer_roll','egg','raw',1.0000,'pcs'),(2737,'egg_paneer_roll','paneer_keema','intermediate',80.0000,'g'),(2738,'egg_paneer_roll','onion','raw',20.0000,'g'),(2739,'egg_paneer_roll','sauce','raw',10.0000,'g'),(2740,'chicken_paratha','paratha_base','prepared',1.0000,'pcs'),(2741,'chicken_paratha','chicken_keema','intermediate',80.0000,'g'),(2742,'chicken_paratha','onion','raw',20.0000,'g'),(2743,'gogni_paratha','paratha_base','prepared',1.0000,'pcs'),(2744,'gogni_paratha','ghugni_gravy','intermediate',150.0000,'g'),(2745,'chola_bhatura','flour','raw',100.0000,'g'),(2746,'chola_bhatura','oil','raw',30.0000,'ml'),(2747,'chola_bhatura','chole_gravy','intermediate',150.0000,'g'),(2748,'egg','egg','raw',1.0000,'pcs'),(2749,'double_egg_chowmein','chowmein_base','prepared',1.0000,'portions'),(2750,'double_egg_chowmein','egg','raw',2.0000,'pcs'),(2751,'double_egg_chowmein','onion','raw',20.0000,'g'),(2752,'double_egg_chowmein','capsicum','raw',20.0000,'g'),(2753,'double_egg_chowmein','sauce','raw',10.0000,'g'),(2754,'double_egg_pasta','pasta_base','prepared',1.0000,'portions'),(2755,'double_egg_pasta','egg','raw',2.0000,'pcs'),(2756,'double_egg_pasta','onion','raw',10.0000,'g'),(2757,'double_egg_pasta','capsicum','raw',10.0000,'g'),(2758,'double_egg_pasta','sauce','raw',10.0000,'g'),(2759,'double_egg_roll','paratha_base','prepared',1.0000,'pcs'),(2760,'double_egg_roll','egg','raw',2.0000,'pcs'),(2761,'double_egg_roll','onion','raw',20.0000,'g'),(2762,'double_egg_roll','sauce','raw',10.0000,'g'),(2763,'veg_pasta','pasta_base','prepared',1.0000,'portions'),(2764,'veg_pasta','onion','raw',10.0000,'g'),(2765,'veg_pasta','capsicum','raw',10.0000,'g'),(2766,'veg_pasta','sauce','raw',10.0000,'g'),(2767,'egg_pasta','pasta_base','prepared',1.0000,'portions'),(2768,'egg_pasta','egg','raw',1.0000,'pcs'),(2769,'egg_pasta','onion','raw',10.0000,'g'),(2770,'egg_pasta','capsicum','raw',10.0000,'g'),(2771,'egg_pasta','sauce','raw',10.0000,'g'),(2772,'paneer_pasta','pasta_base','prepared',1.0000,'portions'),(2773,'paneer_pasta','paneer_keema','intermediate',60.0000,'g'),(2774,'paneer_pasta','onion','raw',10.0000,'g'),(2775,'paneer_pasta','capsicum','raw',10.0000,'g'),(2776,'paneer_pasta','sauce','raw',10.0000,'g'),(2777,'egg_chicken_pasta','pasta_base','prepared',1.0000,'portions'),(2778,'egg_chicken_pasta','egg','raw',1.0000,'pcs'),(2779,'egg_chicken_pasta','chicken_keema','intermediate',60.0000,'g'),(2780,'egg_chicken_pasta','onion','raw',10.0000,'g'),(2781,'egg_chicken_pasta','capsicum','raw',10.0000,'g'),(2782,'egg_chicken_pasta','sauce','raw',10.0000,'g'),(2783,'egg_paneer_pasta','pasta_base','prepared',1.0000,'portions'),(2784,'egg_paneer_pasta','egg','raw',1.0000,'pcs'),(2785,'egg_paneer_pasta','paneer_keema','intermediate',60.0000,'g'),(2786,'egg_paneer_pasta','onion','raw',10.0000,'g'),(2787,'egg_paneer_pasta','capsicum','raw',10.0000,'g'),(2788,'egg_paneer_pasta','sauce','raw',10.0000,'g'),(2789,'egg_chowmein','chowmein_base','prepared',1.0000,'portions'),(2790,'egg_chowmein','egg','raw',1.0000,'pcs'),(2791,'egg_chowmein','onion','raw',20.0000,'g'),(2792,'egg_chowmein','capsicum','raw',20.0000,'g'),(2793,'egg_chowmein','sauce','raw',10.0000,'g'),(2794,'paneer_chowmein','chowmein_base','prepared',1.0000,'portions'),(2795,'paneer_chowmein','paneer_keema','intermediate',60.0000,'g'),(2796,'paneer_chowmein','onion','raw',20.0000,'g'),(2797,'paneer_chowmein','capsicum','raw',20.0000,'g'),(2798,'paneer_chowmein','sauce','raw',10.0000,'g'),(2799,'egg_chicken_chowmein','chowmein_base','prepared',1.0000,'portions'),(2800,'egg_chicken_chowmein','egg','raw',1.0000,'pcs'),(2801,'egg_chicken_chowmein','chicken_keema','intermediate',60.0000,'g'),(2802,'egg_chicken_chowmein','onion','raw',20.0000,'g'),(2803,'egg_chicken_chowmein','capsicum','raw',20.0000,'g'),(2804,'egg_chicken_chowmein','sauce','raw',10.0000,'g'),(2805,'egg_paneer_chowmein','chowmein_base','prepared',1.0000,'portions'),(2806,'egg_paneer_chowmein','egg','raw',1.0000,'pcs'),(2807,'egg_paneer_chowmein','paneer_keema','intermediate',60.0000,'g'),(2808,'egg_paneer_chowmein','onion','raw',20.0000,'g'),(2809,'egg_paneer_chowmein','capsicum','raw',20.0000,'g'),(2810,'egg_paneer_chowmein','sauce','raw',10.0000,'g'),(2811,'veg_roll','paratha_base','prepared',1.0000,'pcs'),(2812,'veg_roll','onion','raw',20.0000,'g'),(2813,'veg_roll','sauce','raw',10.0000,'g'),(2814,'paneer_roll','paratha_base','prepared',1.0000,'pcs'),(2815,'paneer_roll','paneer_keema','intermediate',80.0000,'g'),(2816,'paneer_roll','onion','raw',20.0000,'g'),(2817,'paneer_roll','sauce','raw',10.0000,'g'),(2818,'egg_chicken_roll','paratha_base','prepared',1.0000,'pcs'),(2819,'egg_chicken_roll','egg','raw',1.0000,'pcs'),(2820,'egg_chicken_roll','chicken_keema','intermediate',80.0000,'g'),(2821,'egg_chicken_roll','onion','raw',20.0000,'g'),(2822,'egg_chicken_roll','sauce','raw',10.0000,'g'),(2823,'egg_paneer_roll','paratha_base','prepared',1.0000,'pcs'),(2824,'egg_paneer_roll','egg','raw',1.0000,'pcs'),(2825,'egg_paneer_roll','paneer_keema','intermediate',80.0000,'g'),(2826,'egg_paneer_roll','onion','raw',20.0000,'g'),(2827,'egg_paneer_roll','sauce','raw',10.0000,'g'),(2828,'chicken_paratha','paratha_base','prepared',1.0000,'pcs'),(2829,'chicken_paratha','chicken_keema','intermediate',80.0000,'g'),(2830,'chicken_paratha','onion','raw',20.0000,'g'),(2831,'gogni_paratha','paratha_base','prepared',1.0000,'pcs'),(2832,'gogni_paratha','ghugni_gravy','intermediate',150.0000,'g'),(2833,'chola_bhatura','flour','raw',100.0000,'g'),(2834,'chola_bhatura','oil','raw',30.0000,'ml'),(2835,'chola_bhatura','chole_gravy','intermediate',150.0000,'g'),(2836,'egg','egg','raw',1.0000,'pcs'),(2837,'double_egg_chowmein','chowmein_base','prepared',1.0000,'portions'),(2838,'double_egg_chowmein','egg','raw',2.0000,'pcs'),(2839,'double_egg_chowmein','onion','raw',20.0000,'g'),(2840,'double_egg_chowmein','capsicum','raw',20.0000,'g'),(2841,'double_egg_chowmein','sauce','raw',10.0000,'g'),(2842,'double_egg_pasta','pasta_base','prepared',1.0000,'portions'),(2843,'double_egg_pasta','egg','raw',2.0000,'pcs'),(2844,'double_egg_pasta','onion','raw',10.0000,'g'),(2845,'double_egg_pasta','capsicum','raw',10.0000,'g'),(2846,'double_egg_pasta','sauce','raw',10.0000,'g'),(2847,'double_egg_roll','paratha_base','prepared',1.0000,'pcs'),(2848,'double_egg_roll','egg','raw',2.0000,'pcs'),(2849,'double_egg_roll','onion','raw',20.0000,'g'),(2850,'double_egg_roll','sauce','raw',10.0000,'g'),(2851,'veg_pasta','pasta_base','prepared',1.0000,'portions'),(2852,'veg_pasta','onion','raw',10.0000,'g'),(2853,'veg_pasta','capsicum','raw',10.0000,'g'),(2854,'veg_pasta','sauce','raw',10.0000,'g'),(2855,'egg_pasta','pasta_base','prepared',1.0000,'portions'),(2856,'egg_pasta','egg','raw',1.0000,'pcs'),(2857,'egg_pasta','onion','raw',10.0000,'g'),(2858,'egg_pasta','capsicum','raw',10.0000,'g'),(2859,'egg_pasta','sauce','raw',10.0000,'g'),(2860,'paneer_pasta','pasta_base','prepared',1.0000,'portions'),(2861,'paneer_pasta','paneer_keema','intermediate',60.0000,'g'),(2862,'paneer_pasta','onion','raw',10.0000,'g'),(2863,'paneer_pasta','capsicum','raw',10.0000,'g'),(2864,'paneer_pasta','sauce','raw',10.0000,'g'),(2865,'egg_chicken_pasta','pasta_base','prepared',1.0000,'portions'),(2866,'egg_chicken_pasta','egg','raw',1.0000,'pcs'),(2867,'egg_chicken_pasta','chicken_keema','intermediate',60.0000,'g'),(2868,'egg_chicken_pasta','onion','raw',10.0000,'g'),(2869,'egg_chicken_pasta','capsicum','raw',10.0000,'g'),(2870,'egg_chicken_pasta','sauce','raw',10.0000,'g'),(2871,'egg_paneer_pasta','pasta_base','prepared',1.0000,'portions'),(2872,'egg_paneer_pasta','egg','raw',1.0000,'pcs'),(2873,'egg_paneer_pasta','paneer_keema','intermediate',60.0000,'g'),(2874,'egg_paneer_pasta','onion','raw',10.0000,'g'),(2875,'egg_paneer_pasta','capsicum','raw',10.0000,'g'),(2876,'egg_paneer_pasta','sauce','raw',10.0000,'g'),(2877,'egg_chowmein','chowmein_base','prepared',1.0000,'portions'),(2878,'egg_chowmein','egg','raw',1.0000,'pcs'),(2879,'egg_chowmein','onion','raw',20.0000,'g'),(2880,'egg_chowmein','capsicum','raw',20.0000,'g'),(2881,'egg_chowmein','sauce','raw',10.0000,'g'),(2882,'paneer_chowmein','chowmein_base','prepared',1.0000,'portions'),(2883,'paneer_chowmein','paneer_keema','intermediate',60.0000,'g'),(2884,'paneer_chowmein','onion','raw',20.0000,'g'),(2885,'paneer_chowmein','capsicum','raw',20.0000,'g'),(2886,'paneer_chowmein','sauce','raw',10.0000,'g'),(2887,'egg_chicken_chowmein','chowmein_base','prepared',1.0000,'portions'),(2888,'egg_chicken_chowmein','egg','raw',1.0000,'pcs'),(2889,'egg_chicken_chowmein','chicken_keema','intermediate',60.0000,'g'),(2890,'egg_chicken_chowmein','onion','raw',20.0000,'g'),(2891,'egg_chicken_chowmein','capsicum','raw',20.0000,'g'),(2892,'egg_chicken_chowmein','sauce','raw',10.0000,'g'),(2893,'egg_paneer_chowmein','chowmein_base','prepared',1.0000,'portions'),(2894,'egg_paneer_chowmein','egg','raw',1.0000,'pcs'),(2895,'egg_paneer_chowmein','paneer_keema','intermediate',60.0000,'g'),(2896,'egg_paneer_chowmein','onion','raw',20.0000,'g'),(2897,'egg_paneer_chowmein','capsicum','raw',20.0000,'g'),(2898,'egg_paneer_chowmein','sauce','raw',10.0000,'g'),(2899,'veg_roll','paratha_base','prepared',1.0000,'pcs'),(2900,'veg_roll','onion','raw',20.0000,'g'),(2901,'veg_roll','sauce','raw',10.0000,'g'),(2902,'paneer_roll','paratha_base','prepared',1.0000,'pcs'),(2903,'paneer_roll','paneer_keema','intermediate',80.0000,'g'),(2904,'paneer_roll','onion','raw',20.0000,'g'),(2905,'paneer_roll','sauce','raw',10.0000,'g'),(2906,'egg_chicken_roll','paratha_base','prepared',1.0000,'pcs'),(2907,'egg_chicken_roll','egg','raw',1.0000,'pcs'),(2908,'egg_chicken_roll','chicken_keema','intermediate',80.0000,'g'),(2909,'egg_chicken_roll','onion','raw',20.0000,'g'),(2910,'egg_chicken_roll','sauce','raw',10.0000,'g'),(2911,'egg_paneer_roll','paratha_base','prepared',1.0000,'pcs'),(2912,'egg_paneer_roll','egg','raw',1.0000,'pcs'),(2913,'egg_paneer_roll','paneer_keema','intermediate',80.0000,'g'),(2914,'egg_paneer_roll','onion','raw',20.0000,'g'),(2915,'egg_paneer_roll','sauce','raw',10.0000,'g'),(2916,'chicken_paratha','paratha_base','prepared',1.0000,'pcs'),(2917,'chicken_paratha','chicken_keema','intermediate',80.0000,'g'),(2918,'chicken_paratha','onion','raw',20.0000,'g'),(2919,'gogni_paratha','paratha_base','prepared',1.0000,'pcs'),(2920,'gogni_paratha','ghugni_gravy','intermediate',150.0000,'g'),(2921,'chola_bhatura','flour','raw',100.0000,'g'),(2922,'chola_bhatura','oil','raw',30.0000,'ml'),(2923,'chola_bhatura','chole_gravy','intermediate',150.0000,'g'),(2924,'egg','egg','raw',1.0000,'pcs'),(2925,'double_egg_chowmein','chowmein_base','prepared',1.0000,'portions'),(2926,'double_egg_chowmein','egg','raw',2.0000,'pcs'),(2927,'double_egg_chowmein','onion','raw',20.0000,'g'),(2928,'double_egg_chowmein','capsicum','raw',20.0000,'g'),(2929,'double_egg_chowmein','sauce','raw',10.0000,'g'),(2930,'double_egg_pasta','pasta_base','prepared',1.0000,'portions'),(2931,'double_egg_pasta','egg','raw',2.0000,'pcs'),(2932,'double_egg_pasta','onion','raw',10.0000,'g'),(2933,'double_egg_pasta','capsicum','raw',10.0000,'g'),(2934,'double_egg_pasta','sauce','raw',10.0000,'g'),(2935,'double_egg_roll','paratha_base','prepared',1.0000,'pcs'),(2936,'double_egg_roll','egg','raw',2.0000,'pcs'),(2937,'double_egg_roll','onion','raw',20.0000,'g'),(2938,'double_egg_roll','sauce','raw',10.0000,'g'),(2939,'veg_pasta','pasta_base','prepared',1.0000,'portions'),(2940,'veg_pasta','onion','raw',10.0000,'g'),(2941,'veg_pasta','capsicum','raw',10.0000,'g'),(2942,'veg_pasta','sauce','raw',10.0000,'g'),(2943,'egg_pasta','pasta_base','prepared',1.0000,'portions'),(2944,'egg_pasta','egg','raw',1.0000,'pcs'),(2945,'egg_pasta','onion','raw',10.0000,'g'),(2946,'egg_pasta','capsicum','raw',10.0000,'g'),(2947,'egg_pasta','sauce','raw',10.0000,'g'),(2948,'paneer_pasta','pasta_base','prepared',1.0000,'portions'),(2949,'paneer_pasta','paneer_keema','intermediate',60.0000,'g'),(2950,'paneer_pasta','onion','raw',10.0000,'g'),(2951,'paneer_pasta','capsicum','raw',10.0000,'g'),(2952,'paneer_pasta','sauce','raw',10.0000,'g'),(2953,'egg_chicken_pasta','pasta_base','prepared',1.0000,'portions'),(2954,'egg_chicken_pasta','egg','raw',1.0000,'pcs'),(2955,'egg_chicken_pasta','chicken_keema','intermediate',60.0000,'g'),(2956,'egg_chicken_pasta','onion','raw',10.0000,'g'),(2957,'egg_chicken_pasta','capsicum','raw',10.0000,'g'),(2958,'egg_chicken_pasta','sauce','raw',10.0000,'g'),(2959,'egg_paneer_pasta','pasta_base','prepared',1.0000,'portions'),(2960,'egg_paneer_pasta','egg','raw',1.0000,'pcs'),(2961,'egg_paneer_pasta','paneer_keema','intermediate',60.0000,'g'),(2962,'egg_paneer_pasta','onion','raw',10.0000,'g'),(2963,'egg_paneer_pasta','capsicum','raw',10.0000,'g'),(2964,'egg_paneer_pasta','sauce','raw',10.0000,'g'),(2965,'egg_chowmein','chowmein_base','prepared',1.0000,'portions'),(2966,'egg_chowmein','egg','raw',1.0000,'pcs'),(2967,'egg_chowmein','onion','raw',20.0000,'g'),(2968,'egg_chowmein','capsicum','raw',20.0000,'g'),(2969,'egg_chowmein','sauce','raw',10.0000,'g'),(2970,'paneer_chowmein','chowmein_base','prepared',1.0000,'portions'),(2971,'paneer_chowmein','paneer_keema','intermediate',60.0000,'g'),(2972,'paneer_chowmein','onion','raw',20.0000,'g'),(2973,'paneer_chowmein','capsicum','raw',20.0000,'g'),(2974,'paneer_chowmein','sauce','raw',10.0000,'g'),(2975,'egg_chicken_chowmein','chowmein_base','prepared',1.0000,'portions'),(2976,'egg_chicken_chowmein','egg','raw',1.0000,'pcs'),(2977,'egg_chicken_chowmein','chicken_keema','intermediate',60.0000,'g'),(2978,'egg_chicken_chowmein','onion','raw',20.0000,'g'),(2979,'egg_chicken_chowmein','capsicum','raw',20.0000,'g'),(2980,'egg_chicken_chowmein','sauce','raw',10.0000,'g'),(2981,'egg_paneer_chowmein','chowmein_base','prepared',1.0000,'portions'),(2982,'egg_paneer_chowmein','egg','raw',1.0000,'pcs'),(2983,'egg_paneer_chowmein','paneer_keema','intermediate',60.0000,'g'),(2984,'egg_paneer_chowmein','onion','raw',20.0000,'g'),(2985,'egg_paneer_chowmein','capsicum','raw',20.0000,'g'),(2986,'egg_paneer_chowmein','sauce','raw',10.0000,'g'),(2987,'veg_roll','paratha_base','prepared',1.0000,'pcs'),(2988,'veg_roll','onion','raw',20.0000,'g'),(2989,'veg_roll','sauce','raw',10.0000,'g'),(2990,'paneer_roll','paratha_base','prepared',1.0000,'pcs'),(2991,'paneer_roll','paneer_keema','intermediate',80.0000,'g'),(2992,'paneer_roll','onion','raw',20.0000,'g'),(2993,'paneer_roll','sauce','raw',10.0000,'g'),(2994,'egg_chicken_roll','paratha_base','prepared',1.0000,'pcs'),(2995,'egg_chicken_roll','egg','raw',1.0000,'pcs'),(2996,'egg_chicken_roll','chicken_keema','intermediate',80.0000,'g'),(2997,'egg_chicken_roll','onion','raw',20.0000,'g'),(2998,'egg_chicken_roll','sauce','raw',10.0000,'g'),(2999,'egg_paneer_roll','paratha_base','prepared',1.0000,'pcs'),(3000,'egg_paneer_roll','egg','raw',1.0000,'pcs'),(3001,'egg_paneer_roll','paneer_keema','intermediate',80.0000,'g'),(3002,'egg_paneer_roll','onion','raw',20.0000,'g'),(3003,'egg_paneer_roll','sauce','raw',10.0000,'g'),(3004,'chicken_paratha','paratha_base','prepared',1.0000,'pcs'),(3005,'chicken_paratha','chicken_keema','intermediate',80.0000,'g'),(3006,'chicken_paratha','onion','raw',20.0000,'g'),(3007,'gogni_paratha','paratha_base','prepared',1.0000,'pcs'),(3008,'gogni_paratha','ghugni_gravy','intermediate',150.0000,'g'),(3009,'chola_bhatura','flour','raw',100.0000,'g'),(3010,'chola_bhatura','oil','raw',30.0000,'ml'),(3011,'chola_bhatura','chole_gravy','intermediate',150.0000,'g'),(3012,'egg','egg','raw',1.0000,'pcs'),(3013,'double_egg_chowmein','chowmein_base','prepared',1.0000,'portions'),(3014,'double_egg_chowmein','egg','raw',2.0000,'pcs'),(3015,'double_egg_chowmein','onion','raw',20.0000,'g'),(3016,'double_egg_chowmein','capsicum','raw',20.0000,'g'),(3017,'double_egg_chowmein','sauce','raw',10.0000,'g'),(3018,'double_egg_pasta','pasta_base','prepared',1.0000,'portions'),(3019,'double_egg_pasta','egg','raw',2.0000,'pcs'),(3020,'double_egg_pasta','onion','raw',10.0000,'g'),(3021,'double_egg_pasta','capsicum','raw',10.0000,'g'),(3022,'double_egg_pasta','sauce','raw',10.0000,'g'),(3023,'double_egg_roll','paratha_base','prepared',1.0000,'pcs'),(3024,'double_egg_roll','egg','raw',2.0000,'pcs'),(3025,'double_egg_roll','onion','raw',20.0000,'g'),(3026,'double_egg_roll','sauce','raw',10.0000,'g'),(3027,'veg_pasta','pasta_base','prepared',1.0000,'portions'),(3028,'veg_pasta','onion','raw',10.0000,'g'),(3029,'veg_pasta','capsicum','raw',10.0000,'g'),(3030,'veg_pasta','sauce','raw',10.0000,'g'),(3031,'egg_pasta','pasta_base','prepared',1.0000,'portions'),(3032,'egg_pasta','egg','raw',1.0000,'pcs'),(3033,'egg_pasta','onion','raw',10.0000,'g'),(3034,'egg_pasta','capsicum','raw',10.0000,'g'),(3035,'egg_pasta','sauce','raw',10.0000,'g'),(3036,'paneer_pasta','pasta_base','prepared',1.0000,'portions'),(3037,'paneer_pasta','paneer_keema','intermediate',60.0000,'g'),(3038,'paneer_pasta','onion','raw',10.0000,'g'),(3039,'paneer_pasta','capsicum','raw',10.0000,'g'),(3040,'paneer_pasta','sauce','raw',10.0000,'g'),(3041,'egg_chicken_pasta','pasta_base','prepared',1.0000,'portions'),(3042,'egg_chicken_pasta','egg','raw',1.0000,'pcs'),(3043,'egg_chicken_pasta','chicken_keema','intermediate',60.0000,'g'),(3044,'egg_chicken_pasta','onion','raw',10.0000,'g'),(3045,'egg_chicken_pasta','capsicum','raw',10.0000,'g'),(3046,'egg_chicken_pasta','sauce','raw',10.0000,'g'),(3047,'egg_paneer_pasta','pasta_base','prepared',1.0000,'portions'),(3048,'egg_paneer_pasta','egg','raw',1.0000,'pcs'),(3049,'egg_paneer_pasta','paneer_keema','intermediate',60.0000,'g'),(3050,'egg_paneer_pasta','onion','raw',10.0000,'g'),(3051,'egg_paneer_pasta','capsicum','raw',10.0000,'g'),(3052,'egg_paneer_pasta','sauce','raw',10.0000,'g'),(3053,'egg_chowmein','chowmein_base','prepared',1.0000,'portions'),(3054,'egg_chowmein','egg','raw',1.0000,'pcs'),(3055,'egg_chowmein','onion','raw',20.0000,'g'),(3056,'egg_chowmein','capsicum','raw',20.0000,'g'),(3057,'egg_chowmein','sauce','raw',10.0000,'g'),(3058,'paneer_chowmein','chowmein_base','prepared',1.0000,'portions'),(3059,'paneer_chowmein','paneer_keema','intermediate',60.0000,'g'),(3060,'paneer_chowmein','onion','raw',20.0000,'g'),(3061,'paneer_chowmein','capsicum','raw',20.0000,'g'),(3062,'paneer_chowmein','sauce','raw',10.0000,'g'),(3063,'egg_chicken_chowmein','chowmein_base','prepared',1.0000,'portions'),(3064,'egg_chicken_chowmein','egg','raw',1.0000,'pcs'),(3065,'egg_chicken_chowmein','chicken_keema','intermediate',60.0000,'g'),(3066,'egg_chicken_chowmein','onion','raw',20.0000,'g'),(3067,'egg_chicken_chowmein','capsicum','raw',20.0000,'g'),(3068,'egg_chicken_chowmein','sauce','raw',10.0000,'g'),(3069,'egg_paneer_chowmein','chowmein_base','prepared',1.0000,'portions'),(3070,'egg_paneer_chowmein','egg','raw',1.0000,'pcs'),(3071,'egg_paneer_chowmein','paneer_keema','intermediate',60.0000,'g'),(3072,'egg_paneer_chowmein','onion','raw',20.0000,'g'),(3073,'egg_paneer_chowmein','capsicum','raw',20.0000,'g'),(3074,'egg_paneer_chowmein','sauce','raw',10.0000,'g'),(3075,'veg_roll','paratha_base','prepared',1.0000,'pcs'),(3076,'veg_roll','onion','raw',20.0000,'g'),(3077,'veg_roll','sauce','raw',10.0000,'g'),(3078,'paneer_roll','paratha_base','prepared',1.0000,'pcs'),(3079,'paneer_roll','paneer_keema','intermediate',80.0000,'g'),(3080,'paneer_roll','onion','raw',20.0000,'g'),(3081,'paneer_roll','sauce','raw',10.0000,'g'),(3082,'egg_chicken_roll','paratha_base','prepared',1.0000,'pcs'),(3083,'egg_chicken_roll','egg','raw',1.0000,'pcs'),(3084,'egg_chicken_roll','chicken_keema','intermediate',80.0000,'g'),(3085,'egg_chicken_roll','onion','raw',20.0000,'g'),(3086,'egg_chicken_roll','sauce','raw',10.0000,'g'),(3087,'egg_paneer_roll','paratha_base','prepared',1.0000,'pcs'),(3088,'egg_paneer_roll','egg','raw',1.0000,'pcs'),(3089,'egg_paneer_roll','paneer_keema','intermediate',80.0000,'g'),(3090,'egg_paneer_roll','onion','raw',20.0000,'g'),(3091,'egg_paneer_roll','sauce','raw',10.0000,'g'),(3092,'chicken_paratha','paratha_base','prepared',1.0000,'pcs'),(3093,'chicken_paratha','chicken_keema','intermediate',80.0000,'g'),(3094,'chicken_paratha','onion','raw',20.0000,'g'),(3095,'gogni_paratha','paratha_base','prepared',1.0000,'pcs'),(3096,'gogni_paratha','ghugni_gravy','intermediate',150.0000,'g'),(3097,'chola_bhatura','flour','raw',100.0000,'g'),(3098,'chola_bhatura','oil','raw',30.0000,'ml'),(3099,'chola_bhatura','chole_gravy','intermediate',150.0000,'g'),(3100,'egg','egg','raw',1.0000,'pcs'),(3101,'double_egg_chowmein','chowmein_base','prepared',1.0000,'portions'),(3102,'double_egg_chowmein','egg','raw',2.0000,'pcs'),(3103,'double_egg_chowmein','onion','raw',20.0000,'g'),(3104,'double_egg_chowmein','capsicum','raw',20.0000,'g'),(3105,'double_egg_chowmein','sauce','raw',10.0000,'g'),(3106,'double_egg_pasta','pasta_base','prepared',1.0000,'portions'),(3107,'double_egg_pasta','egg','raw',2.0000,'pcs'),(3108,'double_egg_pasta','onion','raw',10.0000,'g'),(3109,'double_egg_pasta','capsicum','raw',10.0000,'g'),(3110,'double_egg_pasta','sauce','raw',10.0000,'g'),(3111,'double_egg_roll','paratha_base','prepared',1.0000,'pcs'),(3112,'double_egg_roll','egg','raw',2.0000,'pcs'),(3113,'double_egg_roll','onion','raw',20.0000,'g'),(3114,'double_egg_roll','sauce','raw',10.0000,'g'),(3115,'veg_pasta','pasta_base','prepared',1.0000,'portions'),(3116,'veg_pasta','onion','raw',10.0000,'g'),(3117,'veg_pasta','capsicum','raw',10.0000,'g'),(3118,'veg_pasta','sauce','raw',10.0000,'g'),(3119,'egg_pasta','pasta_base','prepared',1.0000,'portions'),(3120,'egg_pasta','egg','raw',1.0000,'pcs'),(3121,'egg_pasta','onion','raw',10.0000,'g'),(3122,'egg_pasta','capsicum','raw',10.0000,'g'),(3123,'egg_pasta','sauce','raw',10.0000,'g'),(3124,'paneer_pasta','pasta_base','prepared',1.0000,'portions'),(3125,'paneer_pasta','paneer_keema','intermediate',60.0000,'g'),(3126,'paneer_pasta','onion','raw',10.0000,'g'),(3127,'paneer_pasta','capsicum','raw',10.0000,'g'),(3128,'paneer_pasta','sauce','raw',10.0000,'g'),(3129,'egg_chicken_pasta','pasta_base','prepared',1.0000,'portions'),(3130,'egg_chicken_pasta','egg','raw',1.0000,'pcs'),(3131,'egg_chicken_pasta','chicken_keema','intermediate',60.0000,'g'),(3132,'egg_chicken_pasta','onion','raw',10.0000,'g'),(3133,'egg_chicken_pasta','capsicum','raw',10.0000,'g'),(3134,'egg_chicken_pasta','sauce','raw',10.0000,'g'),(3135,'egg_paneer_pasta','pasta_base','prepared',1.0000,'portions'),(3136,'egg_paneer_pasta','egg','raw',1.0000,'pcs'),(3137,'egg_paneer_pasta','paneer_keema','intermediate',60.0000,'g'),(3138,'egg_paneer_pasta','onion','raw',10.0000,'g'),(3139,'egg_paneer_pasta','capsicum','raw',10.0000,'g'),(3140,'egg_paneer_pasta','sauce','raw',10.0000,'g'),(3141,'egg_chowmein','chowmein_base','prepared',1.0000,'portions'),(3142,'egg_chowmein','egg','raw',1.0000,'pcs'),(3143,'egg_chowmein','onion','raw',20.0000,'g'),(3144,'egg_chowmein','capsicum','raw',20.0000,'g'),(3145,'egg_chowmein','sauce','raw',10.0000,'g'),(3146,'paneer_chowmein','chowmein_base','prepared',1.0000,'portions'),(3147,'paneer_chowmein','paneer_keema','intermediate',60.0000,'g'),(3148,'paneer_chowmein','onion','raw',20.0000,'g'),(3149,'paneer_chowmein','capsicum','raw',20.0000,'g'),(3150,'paneer_chowmein','sauce','raw',10.0000,'g'),(3151,'egg_chicken_chowmein','chowmein_base','prepared',1.0000,'portions'),(3152,'egg_chicken_chowmein','egg','raw',1.0000,'pcs'),(3153,'egg_chicken_chowmein','chicken_keema','intermediate',60.0000,'g'),(3154,'egg_chicken_chowmein','onion','raw',20.0000,'g'),(3155,'egg_chicken_chowmein','capsicum','raw',20.0000,'g'),(3156,'egg_chicken_chowmein','sauce','raw',10.0000,'g'),(3157,'egg_paneer_chowmein','chowmein_base','prepared',1.0000,'portions'),(3158,'egg_paneer_chowmein','egg','raw',1.0000,'pcs'),(3159,'egg_paneer_chowmein','paneer_keema','intermediate',60.0000,'g'),(3160,'egg_paneer_chowmein','onion','raw',20.0000,'g'),(3161,'egg_paneer_chowmein','capsicum','raw',20.0000,'g'),(3162,'egg_paneer_chowmein','sauce','raw',10.0000,'g'),(3163,'veg_roll','paratha_base','prepared',1.0000,'pcs'),(3164,'veg_roll','onion','raw',20.0000,'g'),(3165,'veg_roll','sauce','raw',10.0000,'g'),(3166,'paneer_roll','paratha_base','prepared',1.0000,'pcs'),(3167,'paneer_roll','paneer_keema','intermediate',80.0000,'g'),(3168,'paneer_roll','onion','raw',20.0000,'g'),(3169,'paneer_roll','sauce','raw',10.0000,'g'),(3170,'egg_chicken_roll','paratha_base','prepared',1.0000,'pcs'),(3171,'egg_chicken_roll','egg','raw',1.0000,'pcs'),(3172,'egg_chicken_roll','chicken_keema','intermediate',80.0000,'g'),(3173,'egg_chicken_roll','onion','raw',20.0000,'g'),(3174,'egg_chicken_roll','sauce','raw',10.0000,'g'),(3175,'egg_paneer_roll','paratha_base','prepared',1.0000,'pcs'),(3176,'egg_paneer_roll','egg','raw',1.0000,'pcs'),(3177,'egg_paneer_roll','paneer_keema','intermediate',80.0000,'g'),(3178,'egg_paneer_roll','onion','raw',20.0000,'g'),(3179,'egg_paneer_roll','sauce','raw',10.0000,'g'),(3180,'chicken_paratha','paratha_base','prepared',1.0000,'pcs'),(3181,'chicken_paratha','chicken_keema','intermediate',80.0000,'g'),(3182,'chicken_paratha','onion','raw',20.0000,'g'),(3183,'gogni_paratha','paratha_base','prepared',1.0000,'pcs'),(3184,'gogni_paratha','ghugni_gravy','intermediate',150.0000,'g'),(3185,'chola_bhatura','flour','raw',100.0000,'g'),(3186,'chola_bhatura','oil','raw',30.0000,'ml'),(3187,'chola_bhatura','chole_gravy','intermediate',150.0000,'g'),(3188,'egg','egg','raw',1.0000,'pcs'),(3189,'double_egg_chowmein','chowmein_base','prepared',1.0000,'portions'),(3190,'double_egg_chowmein','egg','raw',2.0000,'pcs'),(3191,'double_egg_chowmein','onion','raw',20.0000,'g'),(3192,'double_egg_chowmein','capsicum','raw',20.0000,'g'),(3193,'double_egg_chowmein','sauce','raw',10.0000,'g'),(3194,'double_egg_pasta','pasta_base','prepared',1.0000,'portions'),(3195,'double_egg_pasta','egg','raw',2.0000,'pcs'),(3196,'double_egg_pasta','onion','raw',10.0000,'g'),(3197,'double_egg_pasta','capsicum','raw',10.0000,'g'),(3198,'double_egg_pasta','sauce','raw',10.0000,'g'),(3199,'double_egg_roll','paratha_base','prepared',1.0000,'pcs'),(3200,'double_egg_roll','egg','raw',2.0000,'pcs'),(3201,'double_egg_roll','onion','raw',20.0000,'g'),(3202,'double_egg_roll','sauce','raw',10.0000,'g'),(3203,'veg_pasta','pasta_base','prepared',1.0000,'portions'),(3204,'veg_pasta','onion','raw',10.0000,'g'),(3205,'veg_pasta','capsicum','raw',10.0000,'g'),(3206,'veg_pasta','sauce','raw',10.0000,'g'),(3207,'egg_pasta','pasta_base','prepared',1.0000,'portions'),(3208,'egg_pasta','egg','raw',1.0000,'pcs'),(3209,'egg_pasta','onion','raw',10.0000,'g'),(3210,'egg_pasta','capsicum','raw',10.0000,'g'),(3211,'egg_pasta','sauce','raw',10.0000,'g'),(3212,'paneer_pasta','pasta_base','prepared',1.0000,'portions'),(3213,'paneer_pasta','paneer_keema','intermediate',60.0000,'g'),(3214,'paneer_pasta','onion','raw',10.0000,'g'),(3215,'paneer_pasta','capsicum','raw',10.0000,'g'),(3216,'paneer_pasta','sauce','raw',10.0000,'g'),(3217,'egg_chicken_pasta','pasta_base','prepared',1.0000,'portions'),(3218,'egg_chicken_pasta','egg','raw',1.0000,'pcs'),(3219,'egg_chicken_pasta','chicken_keema','intermediate',60.0000,'g'),(3220,'egg_chicken_pasta','onion','raw',10.0000,'g'),(3221,'egg_chicken_pasta','capsicum','raw',10.0000,'g'),(3222,'egg_chicken_pasta','sauce','raw',10.0000,'g'),(3223,'egg_paneer_pasta','pasta_base','prepared',1.0000,'portions'),(3224,'egg_paneer_pasta','egg','raw',1.0000,'pcs'),(3225,'egg_paneer_pasta','paneer_keema','intermediate',60.0000,'g'),(3226,'egg_paneer_pasta','onion','raw',10.0000,'g'),(3227,'egg_paneer_pasta','capsicum','raw',10.0000,'g'),(3228,'egg_paneer_pasta','sauce','raw',10.0000,'g'),(3229,'egg_chowmein','chowmein_base','prepared',1.0000,'portions'),(3230,'egg_chowmein','egg','raw',1.0000,'pcs'),(3231,'egg_chowmein','onion','raw',20.0000,'g'),(3232,'egg_chowmein','capsicum','raw',20.0000,'g'),(3233,'egg_chowmein','sauce','raw',10.0000,'g'),(3234,'paneer_chowmein','chowmein_base','prepared',1.0000,'portions'),(3235,'paneer_chowmein','paneer_keema','intermediate',60.0000,'g'),(3236,'paneer_chowmein','onion','raw',20.0000,'g'),(3237,'paneer_chowmein','capsicum','raw',20.0000,'g'),(3238,'paneer_chowmein','sauce','raw',10.0000,'g'),(3239,'egg_chicken_chowmein','chowmein_base','prepared',1.0000,'portions'),(3240,'egg_chicken_chowmein','egg','raw',1.0000,'pcs'),(3241,'egg_chicken_chowmein','chicken_keema','intermediate',60.0000,'g'),(3242,'egg_chicken_chowmein','onion','raw',20.0000,'g'),(3243,'egg_chicken_chowmein','capsicum','raw',20.0000,'g'),(3244,'egg_chicken_chowmein','sauce','raw',10.0000,'g'),(3245,'egg_paneer_chowmein','chowmein_base','prepared',1.0000,'portions'),(3246,'egg_paneer_chowmein','egg','raw',1.0000,'pcs'),(3247,'egg_paneer_chowmein','paneer_keema','intermediate',60.0000,'g'),(3248,'egg_paneer_chowmein','onion','raw',20.0000,'g'),(3249,'egg_paneer_chowmein','capsicum','raw',20.0000,'g'),(3250,'egg_paneer_chowmein','sauce','raw',10.0000,'g'),(3251,'veg_roll','paratha_base','prepared',1.0000,'pcs'),(3252,'veg_roll','onion','raw',20.0000,'g'),(3253,'veg_roll','sauce','raw',10.0000,'g'),(3254,'paneer_roll','paratha_base','prepared',1.0000,'pcs'),(3255,'paneer_roll','paneer_keema','intermediate',80.0000,'g'),(3256,'paneer_roll','onion','raw',20.0000,'g'),(3257,'paneer_roll','sauce','raw',10.0000,'g'),(3258,'egg_chicken_roll','paratha_base','prepared',1.0000,'pcs'),(3259,'egg_chicken_roll','egg','raw',1.0000,'pcs'),(3260,'egg_chicken_roll','chicken_keema','intermediate',80.0000,'g'),(3261,'egg_chicken_roll','onion','raw',20.0000,'g'),(3262,'egg_chicken_roll','sauce','raw',10.0000,'g'),(3263,'egg_paneer_roll','paratha_base','prepared',1.0000,'pcs'),(3264,'egg_paneer_roll','egg','raw',1.0000,'pcs'),(3265,'egg_paneer_roll','paneer_keema','intermediate',80.0000,'g'),(3266,'egg_paneer_roll','onion','raw',20.0000,'g'),(3267,'egg_paneer_roll','sauce','raw',10.0000,'g'),(3268,'chicken_paratha','paratha_base','prepared',1.0000,'pcs'),(3269,'chicken_paratha','chicken_keema','intermediate',80.0000,'g'),(3270,'chicken_paratha','onion','raw',20.0000,'g'),(3271,'gogni_paratha','paratha_base','prepared',1.0000,'pcs'),(3272,'gogni_paratha','ghugni_gravy','intermediate',150.0000,'g'),(3273,'chola_bhatura','flour','raw',100.0000,'g'),(3274,'chola_bhatura','oil','raw',30.0000,'ml'),(3275,'chola_bhatura','chole_gravy','intermediate',150.0000,'g'),(3276,'egg','egg','raw',1.0000,'pcs'),(3277,'double_egg_chowmein','chowmein_base','prepared',1.0000,'portions'),(3278,'double_egg_chowmein','egg','raw',2.0000,'pcs'),(3279,'double_egg_chowmein','onion','raw',20.0000,'g'),(3280,'double_egg_chowmein','capsicum','raw',20.0000,'g'),(3281,'double_egg_chowmein','sauce','raw',10.0000,'g'),(3282,'double_egg_pasta','pasta_base','prepared',1.0000,'portions'),(3283,'double_egg_pasta','egg','raw',2.0000,'pcs'),(3284,'double_egg_pasta','onion','raw',10.0000,'g'),(3285,'double_egg_pasta','capsicum','raw',10.0000,'g'),(3286,'double_egg_pasta','sauce','raw',10.0000,'g'),(3287,'double_egg_roll','paratha_base','prepared',1.0000,'pcs'),(3288,'double_egg_roll','egg','raw',2.0000,'pcs'),(3289,'double_egg_roll','onion','raw',20.0000,'g'),(3290,'double_egg_roll','sauce','raw',10.0000,'g'),(3291,'veg_pasta','pasta_base','prepared',1.0000,'portions'),(3292,'veg_pasta','onion','raw',10.0000,'g'),(3293,'veg_pasta','capsicum','raw',10.0000,'g'),(3294,'veg_pasta','sauce','raw',10.0000,'g'),(3295,'egg_pasta','pasta_base','prepared',1.0000,'portions'),(3296,'egg_pasta','egg','raw',1.0000,'pcs'),(3297,'egg_pasta','onion','raw',10.0000,'g'),(3298,'egg_pasta','capsicum','raw',10.0000,'g'),(3299,'egg_pasta','sauce','raw',10.0000,'g'),(3300,'paneer_pasta','pasta_base','prepared',1.0000,'portions'),(3301,'paneer_pasta','paneer_keema','intermediate',60.0000,'g'),(3302,'paneer_pasta','onion','raw',10.0000,'g'),(3303,'paneer_pasta','capsicum','raw',10.0000,'g'),(3304,'paneer_pasta','sauce','raw',10.0000,'g'),(3305,'egg_chicken_pasta','pasta_base','prepared',1.0000,'portions'),(3306,'egg_chicken_pasta','egg','raw',1.0000,'pcs'),(3307,'egg_chicken_pasta','chicken_keema','intermediate',60.0000,'g'),(3308,'egg_chicken_pasta','onion','raw',10.0000,'g'),(3309,'egg_chicken_pasta','capsicum','raw',10.0000,'g'),(3310,'egg_chicken_pasta','sauce','raw',10.0000,'g'),(3311,'egg_paneer_pasta','pasta_base','prepared',1.0000,'portions'),(3312,'egg_paneer_pasta','egg','raw',1.0000,'pcs'),(3313,'egg_paneer_pasta','paneer_keema','intermediate',60.0000,'g'),(3314,'egg_paneer_pasta','onion','raw',10.0000,'g'),(3315,'egg_paneer_pasta','capsicum','raw',10.0000,'g'),(3316,'egg_paneer_pasta','sauce','raw',10.0000,'g'),(3317,'egg_chowmein','chowmein_base','prepared',1.0000,'portions'),(3318,'egg_chowmein','egg','raw',1.0000,'pcs'),(3319,'egg_chowmein','onion','raw',20.0000,'g'),(3320,'egg_chowmein','capsicum','raw',20.0000,'g'),(3321,'egg_chowmein','sauce','raw',10.0000,'g'),(3322,'paneer_chowmein','chowmein_base','prepared',1.0000,'portions'),(3323,'paneer_chowmein','paneer_keema','intermediate',60.0000,'g'),(3324,'paneer_chowmein','onion','raw',20.0000,'g'),(3325,'paneer_chowmein','capsicum','raw',20.0000,'g'),(3326,'paneer_chowmein','sauce','raw',10.0000,'g'),(3327,'egg_chicken_chowmein','chowmein_base','prepared',1.0000,'portions'),(3328,'egg_chicken_chowmein','egg','raw',1.0000,'pcs'),(3329,'egg_chicken_chowmein','chicken_keema','intermediate',60.0000,'g'),(3330,'egg_chicken_chowmein','onion','raw',20.0000,'g'),(3331,'egg_chicken_chowmein','capsicum','raw',20.0000,'g'),(3332,'egg_chicken_chowmein','sauce','raw',10.0000,'g'),(3333,'egg_paneer_chowmein','chowmein_base','prepared',1.0000,'portions'),(3334,'egg_paneer_chowmein','egg','raw',1.0000,'pcs'),(3335,'egg_paneer_chowmein','paneer_keema','intermediate',60.0000,'g'),(3336,'egg_paneer_chowmein','onion','raw',20.0000,'g'),(3337,'egg_paneer_chowmein','capsicum','raw',20.0000,'g'),(3338,'egg_paneer_chowmein','sauce','raw',10.0000,'g'),(3339,'veg_roll','paratha_base','prepared',1.0000,'pcs'),(3340,'veg_roll','onion','raw',20.0000,'g'),(3341,'veg_roll','sauce','raw',10.0000,'g'),(3342,'paneer_roll','paratha_base','prepared',1.0000,'pcs'),(3343,'paneer_roll','paneer_keema','intermediate',80.0000,'g'),(3344,'paneer_roll','onion','raw',20.0000,'g'),(3345,'paneer_roll','sauce','raw',10.0000,'g'),(3346,'egg_chicken_roll','paratha_base','prepared',1.0000,'pcs'),(3347,'egg_chicken_roll','egg','raw',1.0000,'pcs'),(3348,'egg_chicken_roll','chicken_keema','intermediate',80.0000,'g'),(3349,'egg_chicken_roll','onion','raw',20.0000,'g'),(3350,'egg_chicken_roll','sauce','raw',10.0000,'g'),(3351,'egg_paneer_roll','paratha_base','prepared',1.0000,'pcs'),(3352,'egg_paneer_roll','egg','raw',1.0000,'pcs'),(3353,'egg_paneer_roll','paneer_keema','intermediate',80.0000,'g'),(3354,'egg_paneer_roll','onion','raw',20.0000,'g'),(3355,'egg_paneer_roll','sauce','raw',10.0000,'g'),(3356,'chicken_paratha','paratha_base','prepared',1.0000,'pcs'),(3357,'chicken_paratha','chicken_keema','intermediate',80.0000,'g'),(3358,'chicken_paratha','onion','raw',20.0000,'g'),(3359,'gogni_paratha','paratha_base','prepared',1.0000,'pcs'),(3360,'gogni_paratha','ghugni_gravy','intermediate',150.0000,'g'),(3361,'chola_bhatura','flour','raw',100.0000,'g'),(3362,'chola_bhatura','oil','raw',30.0000,'ml'),(3363,'chola_bhatura','chole_gravy','intermediate',150.0000,'g'),(3364,'egg','egg','raw',1.0000,'pcs'),(3365,'double_egg_chowmein','chowmein_base','prepared',1.0000,'portions'),(3366,'double_egg_chowmein','egg','raw',2.0000,'pcs'),(3367,'double_egg_chowmein','onion','raw',20.0000,'g'),(3368,'double_egg_chowmein','capsicum','raw',20.0000,'g'),(3369,'double_egg_chowmein','sauce','raw',10.0000,'g'),(3370,'double_egg_pasta','pasta_base','prepared',1.0000,'portions'),(3371,'double_egg_pasta','egg','raw',2.0000,'pcs'),(3372,'double_egg_pasta','onion','raw',10.0000,'g'),(3373,'double_egg_pasta','capsicum','raw',10.0000,'g'),(3374,'double_egg_pasta','sauce','raw',10.0000,'g'),(3375,'double_egg_roll','paratha_base','prepared',1.0000,'pcs'),(3376,'double_egg_roll','egg','raw',2.0000,'pcs'),(3377,'double_egg_roll','onion','raw',20.0000,'g'),(3378,'double_egg_roll','sauce','raw',10.0000,'g'),(3379,'veg_pasta','pasta_base','prepared',1.0000,'portions'),(3380,'veg_pasta','onion','raw',10.0000,'g'),(3381,'veg_pasta','capsicum','raw',10.0000,'g'),(3382,'veg_pasta','sauce','raw',10.0000,'g'),(3383,'egg_pasta','pasta_base','prepared',1.0000,'portions'),(3384,'egg_pasta','egg','raw',1.0000,'pcs'),(3385,'egg_pasta','onion','raw',10.0000,'g'),(3386,'egg_pasta','capsicum','raw',10.0000,'g'),(3387,'egg_pasta','sauce','raw',10.0000,'g'),(3388,'paneer_pasta','pasta_base','prepared',1.0000,'portions'),(3389,'paneer_pasta','paneer_keema','intermediate',60.0000,'g'),(3390,'paneer_pasta','onion','raw',10.0000,'g'),(3391,'paneer_pasta','capsicum','raw',10.0000,'g'),(3392,'paneer_pasta','sauce','raw',10.0000,'g'),(3393,'egg_chicken_pasta','pasta_base','prepared',1.0000,'portions'),(3394,'egg_chicken_pasta','egg','raw',1.0000,'pcs'),(3395,'egg_chicken_pasta','chicken_keema','intermediate',60.0000,'g'),(3396,'egg_chicken_pasta','onion','raw',10.0000,'g'),(3397,'egg_chicken_pasta','capsicum','raw',10.0000,'g'),(3398,'egg_chicken_pasta','sauce','raw',10.0000,'g'),(3399,'egg_paneer_pasta','pasta_base','prepared',1.0000,'portions'),(3400,'egg_paneer_pasta','egg','raw',1.0000,'pcs'),(3401,'egg_paneer_pasta','paneer_keema','intermediate',60.0000,'g'),(3402,'egg_paneer_pasta','onion','raw',10.0000,'g'),(3403,'egg_paneer_pasta','capsicum','raw',10.0000,'g'),(3404,'egg_paneer_pasta','sauce','raw',10.0000,'g'),(3405,'egg_chowmein','chowmein_base','prepared',1.0000,'portions'),(3406,'egg_chowmein','egg','raw',1.0000,'pcs'),(3407,'egg_chowmein','onion','raw',20.0000,'g'),(3408,'egg_chowmein','capsicum','raw',20.0000,'g'),(3409,'egg_chowmein','sauce','raw',10.0000,'g'),(3410,'paneer_chowmein','chowmein_base','prepared',1.0000,'portions'),(3411,'paneer_chowmein','paneer_keema','intermediate',60.0000,'g'),(3412,'paneer_chowmein','onion','raw',20.0000,'g'),(3413,'paneer_chowmein','capsicum','raw',20.0000,'g'),(3414,'paneer_chowmein','sauce','raw',10.0000,'g'),(3415,'egg_chicken_chowmein','chowmein_base','prepared',1.0000,'portions'),(3416,'egg_chicken_chowmein','egg','raw',1.0000,'pcs'),(3417,'egg_chicken_chowmein','chicken_keema','intermediate',60.0000,'g'),(3418,'egg_chicken_chowmein','onion','raw',20.0000,'g'),(3419,'egg_chicken_chowmein','capsicum','raw',20.0000,'g'),(3420,'egg_chicken_chowmein','sauce','raw',10.0000,'g'),(3421,'egg_paneer_chowmein','chowmein_base','prepared',1.0000,'portions'),(3422,'egg_paneer_chowmein','egg','raw',1.0000,'pcs'),(3423,'egg_paneer_chowmein','paneer_keema','intermediate',60.0000,'g'),(3424,'egg_paneer_chowmein','onion','raw',20.0000,'g'),(3425,'egg_paneer_chowmein','capsicum','raw',20.0000,'g'),(3426,'egg_paneer_chowmein','sauce','raw',10.0000,'g'),(3427,'veg_roll','paratha_base','prepared',1.0000,'pcs'),(3428,'veg_roll','onion','raw',20.0000,'g'),(3429,'veg_roll','sauce','raw',10.0000,'g'),(3430,'paneer_roll','paratha_base','prepared',1.0000,'pcs'),(3431,'paneer_roll','paneer_keema','intermediate',80.0000,'g'),(3432,'paneer_roll','onion','raw',20.0000,'g'),(3433,'paneer_roll','sauce','raw',10.0000,'g'),(3434,'egg_chicken_roll','paratha_base','prepared',1.0000,'pcs'),(3435,'egg_chicken_roll','egg','raw',1.0000,'pcs'),(3436,'egg_chicken_roll','chicken_keema','intermediate',80.0000,'g'),(3437,'egg_chicken_roll','onion','raw',20.0000,'g'),(3438,'egg_chicken_roll','sauce','raw',10.0000,'g'),(3439,'egg_paneer_roll','paratha_base','prepared',1.0000,'pcs'),(3440,'egg_paneer_roll','egg','raw',1.0000,'pcs'),(3441,'egg_paneer_roll','paneer_keema','intermediate',80.0000,'g'),(3442,'egg_paneer_roll','onion','raw',20.0000,'g'),(3443,'egg_paneer_roll','sauce','raw',10.0000,'g'),(3444,'chicken_paratha','paratha_base','prepared',1.0000,'pcs'),(3445,'chicken_paratha','chicken_keema','intermediate',80.0000,'g'),(3446,'chicken_paratha','onion','raw',20.0000,'g'),(3447,'gogni_paratha','paratha_base','prepared',1.0000,'pcs'),(3448,'gogni_paratha','ghugni_gravy','intermediate',150.0000,'g'),(3449,'chola_bhatura','flour','raw',100.0000,'g'),(3450,'chola_bhatura','oil','raw',30.0000,'ml'),(3451,'chola_bhatura','chole_gravy','intermediate',150.0000,'g'),(3452,'egg','egg','raw',1.0000,'pcs'),(3453,'double_egg_chowmein','chowmein_base','prepared',1.0000,'portions'),(3454,'double_egg_chowmein','egg','raw',2.0000,'pcs'),(3455,'double_egg_chowmein','onion','raw',20.0000,'g'),(3456,'double_egg_chowmein','capsicum','raw',20.0000,'g'),(3457,'double_egg_chowmein','sauce','raw',10.0000,'g'),(3458,'double_egg_pasta','pasta_base','prepared',1.0000,'portions'),(3459,'double_egg_pasta','egg','raw',2.0000,'pcs'),(3460,'double_egg_pasta','onion','raw',10.0000,'g'),(3461,'double_egg_pasta','capsicum','raw',10.0000,'g'),(3462,'double_egg_pasta','sauce','raw',10.0000,'g'),(3463,'double_egg_roll','paratha_base','prepared',1.0000,'pcs'),(3464,'double_egg_roll','egg','raw',2.0000,'pcs'),(3465,'double_egg_roll','onion','raw',20.0000,'g'),(3466,'double_egg_roll','sauce','raw',10.0000,'g'),(3467,'veg_pasta','pasta_base','prepared',1.0000,'portions'),(3468,'veg_pasta','onion','raw',10.0000,'g'),(3469,'veg_pasta','capsicum','raw',10.0000,'g'),(3470,'veg_pasta','sauce','raw',10.0000,'g'),(3471,'egg_pasta','pasta_base','prepared',1.0000,'portions'),(3472,'egg_pasta','egg','raw',1.0000,'pcs'),(3473,'egg_pasta','onion','raw',10.0000,'g'),(3474,'egg_pasta','capsicum','raw',10.0000,'g'),(3475,'egg_pasta','sauce','raw',10.0000,'g'),(3476,'paneer_pasta','pasta_base','prepared',1.0000,'portions'),(3477,'paneer_pasta','paneer_keema','intermediate',60.0000,'g'),(3478,'paneer_pasta','onion','raw',10.0000,'g'),(3479,'paneer_pasta','capsicum','raw',10.0000,'g'),(3480,'paneer_pasta','sauce','raw',10.0000,'g'),(3481,'egg_chicken_pasta','pasta_base','prepared',1.0000,'portions'),(3482,'egg_chicken_pasta','egg','raw',1.0000,'pcs'),(3483,'egg_chicken_pasta','chicken_keema','intermediate',60.0000,'g'),(3484,'egg_chicken_pasta','onion','raw',10.0000,'g'),(3485,'egg_chicken_pasta','capsicum','raw',10.0000,'g'),(3486,'egg_chicken_pasta','sauce','raw',10.0000,'g'),(3487,'egg_paneer_pasta','pasta_base','prepared',1.0000,'portions'),(3488,'egg_paneer_pasta','egg','raw',1.0000,'pcs'),(3489,'egg_paneer_pasta','paneer_keema','intermediate',60.0000,'g'),(3490,'egg_paneer_pasta','onion','raw',10.0000,'g'),(3491,'egg_paneer_pasta','capsicum','raw',10.0000,'g'),(3492,'egg_paneer_pasta','sauce','raw',10.0000,'g'),(3493,'egg_chowmein','chowmein_base','prepared',1.0000,'portions'),(3494,'egg_chowmein','egg','raw',1.0000,'pcs'),(3495,'egg_chowmein','onion','raw',20.0000,'g'),(3496,'egg_chowmein','capsicum','raw',20.0000,'g'),(3497,'egg_chowmein','sauce','raw',10.0000,'g'),(3498,'paneer_chowmein','chowmein_base','prepared',1.0000,'portions'),(3499,'paneer_chowmein','paneer_keema','intermediate',60.0000,'g'),(3500,'paneer_chowmein','onion','raw',20.0000,'g'),(3501,'paneer_chowmein','capsicum','raw',20.0000,'g'),(3502,'paneer_chowmein','sauce','raw',10.0000,'g'),(3503,'egg_chicken_chowmein','chowmein_base','prepared',1.0000,'portions'),(3504,'egg_chicken_chowmein','egg','raw',1.0000,'pcs'),(3505,'egg_chicken_chowmein','chicken_keema','intermediate',60.0000,'g'),(3506,'egg_chicken_chowmein','onion','raw',20.0000,'g'),(3507,'egg_chicken_chowmein','capsicum','raw',20.0000,'g'),(3508,'egg_chicken_chowmein','sauce','raw',10.0000,'g'),(3509,'egg_paneer_chowmein','chowmein_base','prepared',1.0000,'portions'),(3510,'egg_paneer_chowmein','egg','raw',1.0000,'pcs'),(3511,'egg_paneer_chowmein','paneer_keema','intermediate',60.0000,'g'),(3512,'egg_paneer_chowmein','onion','raw',20.0000,'g'),(3513,'egg_paneer_chowmein','capsicum','raw',20.0000,'g'),(3514,'egg_paneer_chowmein','sauce','raw',10.0000,'g'),(3515,'veg_roll','paratha_base','prepared',1.0000,'pcs'),(3516,'veg_roll','onion','raw',20.0000,'g'),(3517,'veg_roll','sauce','raw',10.0000,'g'),(3518,'paneer_roll','paratha_base','prepared',1.0000,'pcs'),(3519,'paneer_roll','paneer_keema','intermediate',80.0000,'g'),(3520,'paneer_roll','onion','raw',20.0000,'g'),(3521,'paneer_roll','sauce','raw',10.0000,'g'),(3522,'egg_chicken_roll','paratha_base','prepared',1.0000,'pcs'),(3523,'egg_chicken_roll','egg','raw',1.0000,'pcs'),(3524,'egg_chicken_roll','chicken_keema','intermediate',80.0000,'g'),(3525,'egg_chicken_roll','onion','raw',20.0000,'g'),(3526,'egg_chicken_roll','sauce','raw',10.0000,'g'),(3527,'egg_paneer_roll','paratha_base','prepared',1.0000,'pcs'),(3528,'egg_paneer_roll','egg','raw',1.0000,'pcs'),(3529,'egg_paneer_roll','paneer_keema','intermediate',80.0000,'g'),(3530,'egg_paneer_roll','onion','raw',20.0000,'g'),(3531,'egg_paneer_roll','sauce','raw',10.0000,'g'),(3532,'chicken_paratha','paratha_base','prepared',1.0000,'pcs'),(3533,'chicken_paratha','chicken_keema','intermediate',80.0000,'g'),(3534,'chicken_paratha','onion','raw',20.0000,'g'),(3535,'gogni_paratha','paratha_base','prepared',1.0000,'pcs'),(3536,'gogni_paratha','ghugni_gravy','intermediate',150.0000,'g'),(3537,'chola_bhatura','flour','raw',100.0000,'g'),(3538,'chola_bhatura','oil','raw',30.0000,'ml'),(3539,'chola_bhatura','chole_gravy','intermediate',150.0000,'g'),(3540,'egg','egg','raw',1.0000,'pcs'),(3541,'double_egg_chowmein','chowmein_base','prepared',1.0000,'portions'),(3542,'double_egg_chowmein','egg','raw',2.0000,'pcs'),(3543,'double_egg_chowmein','onion','raw',20.0000,'g'),(3544,'double_egg_chowmein','capsicum','raw',20.0000,'g'),(3545,'double_egg_chowmein','sauce','raw',10.0000,'g'),(3546,'double_egg_pasta','pasta_base','prepared',1.0000,'portions'),(3547,'double_egg_pasta','egg','raw',2.0000,'pcs'),(3548,'double_egg_pasta','onion','raw',10.0000,'g'),(3549,'double_egg_pasta','capsicum','raw',10.0000,'g'),(3550,'double_egg_pasta','sauce','raw',10.0000,'g'),(3551,'double_egg_roll','paratha_base','prepared',1.0000,'pcs'),(3552,'double_egg_roll','egg','raw',2.0000,'pcs'),(3553,'double_egg_roll','onion','raw',20.0000,'g'),(3554,'double_egg_roll','sauce','raw',10.0000,'g'),(3555,'veg_pasta','pasta_base','prepared',1.0000,'portions'),(3556,'veg_pasta','onion','raw',10.0000,'g'),(3557,'veg_pasta','capsicum','raw',10.0000,'g'),(3558,'veg_pasta','sauce','raw',10.0000,'g'),(3559,'egg_pasta','pasta_base','prepared',1.0000,'portions'),(3560,'egg_pasta','egg','raw',1.0000,'pcs'),(3561,'egg_pasta','onion','raw',10.0000,'g'),(3562,'egg_pasta','capsicum','raw',10.0000,'g'),(3563,'egg_pasta','sauce','raw',10.0000,'g'),(3564,'paneer_pasta','pasta_base','prepared',1.0000,'portions'),(3565,'paneer_pasta','paneer_keema','intermediate',60.0000,'g'),(3566,'paneer_pasta','onion','raw',10.0000,'g'),(3567,'paneer_pasta','capsicum','raw',10.0000,'g'),(3568,'paneer_pasta','sauce','raw',10.0000,'g'),(3569,'egg_chicken_pasta','pasta_base','prepared',1.0000,'portions'),(3570,'egg_chicken_pasta','egg','raw',1.0000,'pcs'),(3571,'egg_chicken_pasta','chicken_keema','intermediate',60.0000,'g'),(3572,'egg_chicken_pasta','onion','raw',10.0000,'g'),(3573,'egg_chicken_pasta','capsicum','raw',10.0000,'g'),(3574,'egg_chicken_pasta','sauce','raw',10.0000,'g'),(3575,'egg_paneer_pasta','pasta_base','prepared',1.0000,'portions'),(3576,'egg_paneer_pasta','egg','raw',1.0000,'pcs'),(3577,'egg_paneer_pasta','paneer_keema','intermediate',60.0000,'g'),(3578,'egg_paneer_pasta','onion','raw',10.0000,'g'),(3579,'egg_paneer_pasta','capsicum','raw',10.0000,'g'),(3580,'egg_paneer_pasta','sauce','raw',10.0000,'g'),(3581,'egg_chowmein','chowmein_base','prepared',1.0000,'portions'),(3582,'egg_chowmein','egg','raw',1.0000,'pcs'),(3583,'egg_chowmein','onion','raw',20.0000,'g'),(3584,'egg_chowmein','capsicum','raw',20.0000,'g'),(3585,'egg_chowmein','sauce','raw',10.0000,'g'),(3586,'paneer_chowmein','chowmein_base','prepared',1.0000,'portions'),(3587,'paneer_chowmein','paneer_keema','intermediate',60.0000,'g'),(3588,'paneer_chowmein','onion','raw',20.0000,'g'),(3589,'paneer_chowmein','capsicum','raw',20.0000,'g'),(3590,'paneer_chowmein','sauce','raw',10.0000,'g'),(3591,'egg_chicken_chowmein','chowmein_base','prepared',1.0000,'portions'),(3592,'egg_chicken_chowmein','egg','raw',1.0000,'pcs'),(3593,'egg_chicken_chowmein','chicken_keema','intermediate',60.0000,'g'),(3594,'egg_chicken_chowmein','onion','raw',20.0000,'g'),(3595,'egg_chicken_chowmein','capsicum','raw',20.0000,'g'),(3596,'egg_chicken_chowmein','sauce','raw',10.0000,'g'),(3597,'egg_paneer_chowmein','chowmein_base','prepared',1.0000,'portions'),(3598,'egg_paneer_chowmein','egg','raw',1.0000,'pcs'),(3599,'egg_paneer_chowmein','paneer_keema','intermediate',60.0000,'g'),(3600,'egg_paneer_chowmein','onion','raw',20.0000,'g'),(3601,'egg_paneer_chowmein','capsicum','raw',20.0000,'g'),(3602,'egg_paneer_chowmein','sauce','raw',10.0000,'g'),(3603,'veg_roll','paratha_base','prepared',1.0000,'pcs'),(3604,'veg_roll','onion','raw',20.0000,'g'),(3605,'veg_roll','sauce','raw',10.0000,'g'),(3606,'paneer_roll','paratha_base','prepared',1.0000,'pcs'),(3607,'paneer_roll','paneer_keema','intermediate',80.0000,'g'),(3608,'paneer_roll','onion','raw',20.0000,'g'),(3609,'paneer_roll','sauce','raw',10.0000,'g'),(3610,'egg_chicken_roll','paratha_base','prepared',1.0000,'pcs'),(3611,'egg_chicken_roll','egg','raw',1.0000,'pcs'),(3612,'egg_chicken_roll','chicken_keema','intermediate',80.0000,'g'),(3613,'egg_chicken_roll','onion','raw',20.0000,'g'),(3614,'egg_chicken_roll','sauce','raw',10.0000,'g'),(3615,'egg_paneer_roll','paratha_base','prepared',1.0000,'pcs'),(3616,'egg_paneer_roll','egg','raw',1.0000,'pcs'),(3617,'egg_paneer_roll','paneer_keema','intermediate',80.0000,'g'),(3618,'egg_paneer_roll','onion','raw',20.0000,'g'),(3619,'egg_paneer_roll','sauce','raw',10.0000,'g'),(3620,'chicken_paratha','paratha_base','prepared',1.0000,'pcs'),(3621,'chicken_paratha','chicken_keema','intermediate',80.0000,'g'),(3622,'chicken_paratha','onion','raw',20.0000,'g'),(3623,'gogni_paratha','paratha_base','prepared',1.0000,'pcs'),(3624,'gogni_paratha','ghugni_gravy','intermediate',150.0000,'g'),(3625,'chola_bhatura','flour','raw',100.0000,'g'),(3626,'chola_bhatura','oil','raw',30.0000,'ml'),(3627,'chola_bhatura','chole_gravy','intermediate',150.0000,'g'),(3628,'egg','egg','raw',1.0000,'pcs'),(3629,'double_egg_chowmein','chowmein_base','prepared',1.0000,'portions'),(3630,'double_egg_chowmein','egg','raw',2.0000,'pcs'),(3631,'double_egg_chowmein','onion','raw',20.0000,'g'),(3632,'double_egg_chowmein','capsicum','raw',20.0000,'g'),(3633,'double_egg_chowmein','sauce','raw',10.0000,'g'),(3634,'double_egg_pasta','pasta_base','prepared',1.0000,'portions'),(3635,'double_egg_pasta','egg','raw',2.0000,'pcs'),(3636,'double_egg_pasta','onion','raw',10.0000,'g'),(3637,'double_egg_pasta','capsicum','raw',10.0000,'g'),(3638,'double_egg_pasta','sauce','raw',10.0000,'g'),(3639,'double_egg_roll','paratha_base','prepared',1.0000,'pcs'),(3640,'double_egg_roll','egg','raw',2.0000,'pcs'),(3641,'double_egg_roll','onion','raw',20.0000,'g'),(3642,'double_egg_roll','sauce','raw',10.0000,'g'),(3643,'veg_pasta','pasta_base','prepared',1.0000,'portions'),(3644,'veg_pasta','onion','raw',10.0000,'g'),(3645,'veg_pasta','capsicum','raw',10.0000,'g'),(3646,'veg_pasta','sauce','raw',10.0000,'g'),(3647,'egg_pasta','pasta_base','prepared',1.0000,'portions'),(3648,'egg_pasta','egg','raw',1.0000,'pcs'),(3649,'egg_pasta','onion','raw',10.0000,'g'),(3650,'egg_pasta','capsicum','raw',10.0000,'g'),(3651,'egg_pasta','sauce','raw',10.0000,'g'),(3652,'paneer_pasta','pasta_base','prepared',1.0000,'portions'),(3653,'paneer_pasta','paneer_keema','intermediate',60.0000,'g'),(3654,'paneer_pasta','onion','raw',10.0000,'g'),(3655,'paneer_pasta','capsicum','raw',10.0000,'g'),(3656,'paneer_pasta','sauce','raw',10.0000,'g'),(3657,'egg_chicken_pasta','pasta_base','prepared',1.0000,'portions'),(3658,'egg_chicken_pasta','egg','raw',1.0000,'pcs'),(3659,'egg_chicken_pasta','chicken_keema','intermediate',60.0000,'g'),(3660,'egg_chicken_pasta','onion','raw',10.0000,'g'),(3661,'egg_chicken_pasta','capsicum','raw',10.0000,'g'),(3662,'egg_chicken_pasta','sauce','raw',10.0000,'g'),(3663,'egg_paneer_pasta','pasta_base','prepared',1.0000,'portions'),(3664,'egg_paneer_pasta','egg','raw',1.0000,'pcs'),(3665,'egg_paneer_pasta','paneer_keema','intermediate',60.0000,'g'),(3666,'egg_paneer_pasta','onion','raw',10.0000,'g'),(3667,'egg_paneer_pasta','capsicum','raw',10.0000,'g'),(3668,'egg_paneer_pasta','sauce','raw',10.0000,'g'),(3669,'egg_chowmein','chowmein_base','prepared',1.0000,'portions'),(3670,'egg_chowmein','egg','raw',1.0000,'pcs'),(3671,'egg_chowmein','onion','raw',20.0000,'g'),(3672,'egg_chowmein','capsicum','raw',20.0000,'g'),(3673,'egg_chowmein','sauce','raw',10.0000,'g'),(3674,'paneer_chowmein','chowmein_base','prepared',1.0000,'portions'),(3675,'paneer_chowmein','paneer_keema','intermediate',60.0000,'g'),(3676,'paneer_chowmein','onion','raw',20.0000,'g'),(3677,'paneer_chowmein','capsicum','raw',20.0000,'g'),(3678,'paneer_chowmein','sauce','raw',10.0000,'g'),(3679,'egg_chicken_chowmein','chowmein_base','prepared',1.0000,'portions'),(3680,'egg_chicken_chowmein','egg','raw',1.0000,'pcs'),(3681,'egg_chicken_chowmein','chicken_keema','intermediate',60.0000,'g'),(3682,'egg_chicken_chowmein','onion','raw',20.0000,'g'),(3683,'egg_chicken_chowmein','capsicum','raw',20.0000,'g'),(3684,'egg_chicken_chowmein','sauce','raw',10.0000,'g'),(3685,'egg_paneer_chowmein','chowmein_base','prepared',1.0000,'portions'),(3686,'egg_paneer_chowmein','egg','raw',1.0000,'pcs'),(3687,'egg_paneer_chowmein','paneer_keema','intermediate',60.0000,'g'),(3688,'egg_paneer_chowmein','onion','raw',20.0000,'g'),(3689,'egg_paneer_chowmein','capsicum','raw',20.0000,'g'),(3690,'egg_paneer_chowmein','sauce','raw',10.0000,'g'),(3691,'veg_roll','paratha_base','prepared',1.0000,'pcs'),(3692,'veg_roll','onion','raw',20.0000,'g'),(3693,'veg_roll','sauce','raw',10.0000,'g'),(3694,'paneer_roll','paratha_base','prepared',1.0000,'pcs'),(3695,'paneer_roll','paneer_keema','intermediate',80.0000,'g'),(3696,'paneer_roll','onion','raw',20.0000,'g'),(3697,'paneer_roll','sauce','raw',10.0000,'g'),(3698,'egg_chicken_roll','paratha_base','prepared',1.0000,'pcs'),(3699,'egg_chicken_roll','egg','raw',1.0000,'pcs'),(3700,'egg_chicken_roll','chicken_keema','intermediate',80.0000,'g'),(3701,'egg_chicken_roll','onion','raw',20.0000,'g'),(3702,'egg_chicken_roll','sauce','raw',10.0000,'g'),(3703,'egg_paneer_roll','paratha_base','prepared',1.0000,'pcs'),(3704,'egg_paneer_roll','egg','raw',1.0000,'pcs'),(3705,'egg_paneer_roll','paneer_keema','intermediate',80.0000,'g'),(3706,'egg_paneer_roll','onion','raw',20.0000,'g'),(3707,'egg_paneer_roll','sauce','raw',10.0000,'g'),(3708,'chicken_paratha','paratha_base','prepared',1.0000,'pcs'),(3709,'chicken_paratha','chicken_keema','intermediate',80.0000,'g'),(3710,'chicken_paratha','onion','raw',20.0000,'g'),(3711,'gogni_paratha','paratha_base','prepared',1.0000,'pcs'),(3712,'gogni_paratha','ghugni_gravy','intermediate',150.0000,'g'),(3713,'chola_bhatura','flour','raw',100.0000,'g'),(3714,'chola_bhatura','oil','raw',30.0000,'ml'),(3715,'chola_bhatura','chole_gravy','intermediate',150.0000,'g'),(3716,'egg','egg','raw',1.0000,'pcs'),(3717,'double_egg_chowmein','chowmein_base','prepared',1.0000,'portions'),(3718,'double_egg_chowmein','egg','raw',2.0000,'pcs'),(3719,'double_egg_chowmein','onion','raw',20.0000,'g'),(3720,'double_egg_chowmein','capsicum','raw',20.0000,'g'),(3721,'double_egg_chowmein','sauce','raw',10.0000,'g'),(3722,'double_egg_pasta','pasta_base','prepared',1.0000,'portions'),(3723,'double_egg_pasta','egg','raw',2.0000,'pcs'),(3724,'double_egg_pasta','onion','raw',10.0000,'g'),(3725,'double_egg_pasta','capsicum','raw',10.0000,'g'),(3726,'double_egg_pasta','sauce','raw',10.0000,'g'),(3727,'double_egg_roll','paratha_base','prepared',1.0000,'pcs'),(3728,'double_egg_roll','egg','raw',2.0000,'pcs'),(3729,'double_egg_roll','onion','raw',20.0000,'g'),(3730,'double_egg_roll','sauce','raw',10.0000,'g'),(3731,'veg_pasta','pasta_base','prepared',1.0000,'portions'),(3732,'veg_pasta','onion','raw',10.0000,'g'),(3733,'veg_pasta','capsicum','raw',10.0000,'g'),(3734,'veg_pasta','sauce','raw',10.0000,'g'),(3735,'egg_pasta','pasta_base','prepared',1.0000,'portions'),(3736,'egg_pasta','egg','raw',1.0000,'pcs'),(3737,'egg_pasta','onion','raw',10.0000,'g'),(3738,'egg_pasta','capsicum','raw',10.0000,'g'),(3739,'egg_pasta','sauce','raw',10.0000,'g'),(3740,'paneer_pasta','pasta_base','prepared',1.0000,'portions'),(3741,'paneer_pasta','paneer_keema','intermediate',60.0000,'g'),(3742,'paneer_pasta','onion','raw',10.0000,'g'),(3743,'paneer_pasta','capsicum','raw',10.0000,'g'),(3744,'paneer_pasta','sauce','raw',10.0000,'g'),(3745,'egg_chicken_pasta','pasta_base','prepared',1.0000,'portions'),(3746,'egg_chicken_pasta','egg','raw',1.0000,'pcs'),(3747,'egg_chicken_pasta','chicken_keema','intermediate',60.0000,'g'),(3748,'egg_chicken_pasta','onion','raw',10.0000,'g'),(3749,'egg_chicken_pasta','capsicum','raw',10.0000,'g'),(3750,'egg_chicken_pasta','sauce','raw',10.0000,'g'),(3751,'egg_paneer_pasta','pasta_base','prepared',1.0000,'portions'),(3752,'egg_paneer_pasta','egg','raw',1.0000,'pcs'),(3753,'egg_paneer_pasta','paneer_keema','intermediate',60.0000,'g'),(3754,'egg_paneer_pasta','onion','raw',10.0000,'g'),(3755,'egg_paneer_pasta','capsicum','raw',10.0000,'g'),(3756,'egg_paneer_pasta','sauce','raw',10.0000,'g'),(3757,'egg_chowmein','chowmein_base','prepared',1.0000,'portions'),(3758,'egg_chowmein','egg','raw',1.0000,'pcs'),(3759,'egg_chowmein','onion','raw',20.0000,'g'),(3760,'egg_chowmein','capsicum','raw',20.0000,'g'),(3761,'egg_chowmein','sauce','raw',10.0000,'g'),(3762,'paneer_chowmein','chowmein_base','prepared',1.0000,'portions'),(3763,'paneer_chowmein','paneer_keema','intermediate',60.0000,'g'),(3764,'paneer_chowmein','onion','raw',20.0000,'g'),(3765,'paneer_chowmein','capsicum','raw',20.0000,'g'),(3766,'paneer_chowmein','sauce','raw',10.0000,'g'),(3767,'egg_chicken_chowmein','chowmein_base','prepared',1.0000,'portions'),(3768,'egg_chicken_chowmein','egg','raw',1.0000,'pcs'),(3769,'egg_chicken_chowmein','chicken_keema','intermediate',60.0000,'g'),(3770,'egg_chicken_chowmein','onion','raw',20.0000,'g'),(3771,'egg_chicken_chowmein','capsicum','raw',20.0000,'g'),(3772,'egg_chicken_chowmein','sauce','raw',10.0000,'g'),(3773,'egg_paneer_chowmein','chowmein_base','prepared',1.0000,'portions'),(3774,'egg_paneer_chowmein','egg','raw',1.0000,'pcs'),(3775,'egg_paneer_chowmein','paneer_keema','intermediate',60.0000,'g'),(3776,'egg_paneer_chowmein','onion','raw',20.0000,'g'),(3777,'egg_paneer_chowmein','capsicum','raw',20.0000,'g'),(3778,'egg_paneer_chowmein','sauce','raw',10.0000,'g'),(3779,'veg_roll','paratha_base','prepared',1.0000,'pcs'),(3780,'veg_roll','onion','raw',20.0000,'g'),(3781,'veg_roll','sauce','raw',10.0000,'g'),(3782,'paneer_roll','paratha_base','prepared',1.0000,'pcs'),(3783,'paneer_roll','paneer_keema','intermediate',80.0000,'g'),(3784,'paneer_roll','onion','raw',20.0000,'g'),(3785,'paneer_roll','sauce','raw',10.0000,'g'),(3786,'egg_chicken_roll','paratha_base','prepared',1.0000,'pcs'),(3787,'egg_chicken_roll','egg','raw',1.0000,'pcs'),(3788,'egg_chicken_roll','chicken_keema','intermediate',80.0000,'g'),(3789,'egg_chicken_roll','onion','raw',20.0000,'g'),(3790,'egg_chicken_roll','sauce','raw',10.0000,'g'),(3791,'egg_paneer_roll','paratha_base','prepared',1.0000,'pcs'),(3792,'egg_paneer_roll','egg','raw',1.0000,'pcs'),(3793,'egg_paneer_roll','paneer_keema','intermediate',80.0000,'g'),(3794,'egg_paneer_roll','onion','raw',20.0000,'g'),(3795,'egg_paneer_roll','sauce','raw',10.0000,'g'),(3796,'chicken_paratha','paratha_base','prepared',1.0000,'pcs'),(3797,'chicken_paratha','chicken_keema','intermediate',80.0000,'g'),(3798,'chicken_paratha','onion','raw',20.0000,'g'),(3799,'gogni_paratha','paratha_base','prepared',1.0000,'pcs'),(3800,'gogni_paratha','ghugni_gravy','intermediate',150.0000,'g'),(3801,'chola_bhatura','flour','raw',100.0000,'g'),(3802,'chola_bhatura','oil','raw',30.0000,'ml'),(3803,'chola_bhatura','chole_gravy','intermediate',150.0000,'g'),(3804,'egg','egg','raw',1.0000,'pcs'),(3805,'double_egg_chowmein','chowmein_base','prepared',1.0000,'portions'),(3806,'double_egg_chowmein','egg','raw',2.0000,'pcs'),(3807,'double_egg_chowmein','onion','raw',20.0000,'g'),(3808,'double_egg_chowmein','capsicum','raw',20.0000,'g'),(3809,'double_egg_chowmein','sauce','raw',10.0000,'g'),(3810,'double_egg_pasta','pasta_base','prepared',1.0000,'portions'),(3811,'double_egg_pasta','egg','raw',2.0000,'pcs'),(3812,'double_egg_pasta','onion','raw',10.0000,'g'),(3813,'double_egg_pasta','capsicum','raw',10.0000,'g'),(3814,'double_egg_pasta','sauce','raw',10.0000,'g'),(3815,'double_egg_roll','paratha_base','prepared',1.0000,'pcs'),(3816,'double_egg_roll','egg','raw',2.0000,'pcs'),(3817,'double_egg_roll','onion','raw',20.0000,'g'),(3818,'double_egg_roll','sauce','raw',10.0000,'g'),(3819,'veg_pasta','pasta_base','prepared',1.0000,'portions'),(3820,'veg_pasta','onion','raw',10.0000,'g'),(3821,'veg_pasta','capsicum','raw',10.0000,'g'),(3822,'veg_pasta','sauce','raw',10.0000,'g'),(3823,'egg_pasta','pasta_base','prepared',1.0000,'portions'),(3824,'egg_pasta','egg','raw',1.0000,'pcs'),(3825,'egg_pasta','onion','raw',10.0000,'g'),(3826,'egg_pasta','capsicum','raw',10.0000,'g'),(3827,'egg_pasta','sauce','raw',10.0000,'g'),(3828,'paneer_pasta','pasta_base','prepared',1.0000,'portions'),(3829,'paneer_pasta','paneer_keema','intermediate',60.0000,'g'),(3830,'paneer_pasta','onion','raw',10.0000,'g'),(3831,'paneer_pasta','capsicum','raw',10.0000,'g'),(3832,'paneer_pasta','sauce','raw',10.0000,'g'),(3833,'egg_chicken_pasta','pasta_base','prepared',1.0000,'portions'),(3834,'egg_chicken_pasta','egg','raw',1.0000,'pcs'),(3835,'egg_chicken_pasta','chicken_keema','intermediate',60.0000,'g'),(3836,'egg_chicken_pasta','onion','raw',10.0000,'g'),(3837,'egg_chicken_pasta','capsicum','raw',10.0000,'g'),(3838,'egg_chicken_pasta','sauce','raw',10.0000,'g'),(3839,'egg_paneer_pasta','pasta_base','prepared',1.0000,'portions'),(3840,'egg_paneer_pasta','egg','raw',1.0000,'pcs'),(3841,'egg_paneer_pasta','paneer_keema','intermediate',60.0000,'g'),(3842,'egg_paneer_pasta','onion','raw',10.0000,'g'),(3843,'egg_paneer_pasta','capsicum','raw',10.0000,'g'),(3844,'egg_paneer_pasta','sauce','raw',10.0000,'g'),(3845,'egg_chowmein','chowmein_base','prepared',1.0000,'portions'),(3846,'egg_chowmein','egg','raw',1.0000,'pcs'),(3847,'egg_chowmein','onion','raw',20.0000,'g'),(3848,'egg_chowmein','capsicum','raw',20.0000,'g'),(3849,'egg_chowmein','sauce','raw',10.0000,'g'),(3850,'paneer_chowmein','chowmein_base','prepared',1.0000,'portions'),(3851,'paneer_chowmein','paneer_keema','intermediate',60.0000,'g'),(3852,'paneer_chowmein','onion','raw',20.0000,'g'),(3853,'paneer_chowmein','capsicum','raw',20.0000,'g'),(3854,'paneer_chowmein','sauce','raw',10.0000,'g'),(3855,'egg_chicken_chowmein','chowmein_base','prepared',1.0000,'portions'),(3856,'egg_chicken_chowmein','egg','raw',1.0000,'pcs'),(3857,'egg_chicken_chowmein','chicken_keema','intermediate',60.0000,'g'),(3858,'egg_chicken_chowmein','onion','raw',20.0000,'g'),(3859,'egg_chicken_chowmein','capsicum','raw',20.0000,'g'),(3860,'egg_chicken_chowmein','sauce','raw',10.0000,'g'),(3861,'egg_paneer_chowmein','chowmein_base','prepared',1.0000,'portions'),(3862,'egg_paneer_chowmein','egg','raw',1.0000,'pcs'),(3863,'egg_paneer_chowmein','paneer_keema','intermediate',60.0000,'g'),(3864,'egg_paneer_chowmein','onion','raw',20.0000,'g'),(3865,'egg_paneer_chowmein','capsicum','raw',20.0000,'g'),(3866,'egg_paneer_chowmein','sauce','raw',10.0000,'g'),(3867,'veg_roll','paratha_base','prepared',1.0000,'pcs'),(3868,'veg_roll','onion','raw',20.0000,'g'),(3869,'veg_roll','sauce','raw',10.0000,'g'),(3870,'paneer_roll','paratha_base','prepared',1.0000,'pcs'),(3871,'paneer_roll','paneer_keema','intermediate',80.0000,'g'),(3872,'paneer_roll','onion','raw',20.0000,'g'),(3873,'paneer_roll','sauce','raw',10.0000,'g'),(3874,'egg_chicken_roll','paratha_base','prepared',1.0000,'pcs'),(3875,'egg_chicken_roll','egg','raw',1.0000,'pcs'),(3876,'egg_chicken_roll','chicken_keema','intermediate',80.0000,'g'),(3877,'egg_chicken_roll','onion','raw',20.0000,'g'),(3878,'egg_chicken_roll','sauce','raw',10.0000,'g'),(3879,'egg_paneer_roll','paratha_base','prepared',1.0000,'pcs'),(3880,'egg_paneer_roll','egg','raw',1.0000,'pcs'),(3881,'egg_paneer_roll','paneer_keema','intermediate',80.0000,'g'),(3882,'egg_paneer_roll','onion','raw',20.0000,'g'),(3883,'egg_paneer_roll','sauce','raw',10.0000,'g'),(3884,'chicken_paratha','paratha_base','prepared',1.0000,'pcs'),(3885,'chicken_paratha','chicken_keema','intermediate',80.0000,'g'),(3886,'chicken_paratha','onion','raw',20.0000,'g'),(3887,'gogni_paratha','paratha_base','prepared',1.0000,'pcs'),(3888,'gogni_paratha','ghugni_gravy','intermediate',150.0000,'g'),(3889,'chola_bhatura','flour','raw',100.0000,'g'),(3890,'chola_bhatura','oil','raw',30.0000,'ml'),(3891,'chola_bhatura','chole_gravy','intermediate',150.0000,'g'),(3892,'egg','egg','raw',1.0000,'pcs');
/*!40000 ALTER TABLE `menu_recipes` ENABLE KEYS */;
UNLOCK TABLES;

--
-- Table structure for table `menu_variants`
--

DROP TABLE IF EXISTS `menu_variants`;
/*!40101 SET @saved_cs_client     = @@character_set_client */;
/*!50503 SET character_set_client = utf8mb4 */;
CREATE TABLE `menu_variants` (
  `id` varchar(64) NOT NULL,
  `menu_item_id` varchar(64) NOT NULL,
  `name` varchar(80) NOT NULL,
  `price` decimal(10,2) NOT NULL DEFAULT '0.00',
  `recipe_multiplier` decimal(10,4) DEFAULT '1.0000',
  PRIMARY KEY (`id`),
  KEY `menu_item_id` (`menu_item_id`),
  CONSTRAINT `menu_variants_ibfk_1` FOREIGN KEY (`menu_item_id`) REFERENCES `menu_items` (`id`) ON DELETE CASCADE
) ENGINE=InnoDB DEFAULT CHARSET=utf8mb4 COLLATE=utf8mb4_0900_ai_ci;
/*!40101 SET character_set_client = @saved_cs_client */;

--
-- Dumping data for table `menu_variants`
--

LOCK TABLES `menu_variants` WRITE;
/*!40000 ALTER TABLE `menu_variants` DISABLE KEYS */;
INSERT INTO `menu_variants` VALUES ('chicken_chowmein_full','chicken_chowmein','Full',70.00,1.8000),('chicken_chowmein_half','chicken_chowmein','Half',40.00,1.0000),('chicken_pakora_single','chicken_pakora','Single',10.00,1.0000),('chicken_paratha_single','chicken_paratha','Single',40.00,1.0000),('chicken_pasta_full','chicken_pasta','Full',80.00,1.8000),('chicken_pasta_half','chicken_pasta','Half',50.00,1.0000),('chicken_roll_single','chicken_roll','Single',40.00,1.0000),('chola_bhatura_single','chola_bhatura','Single',30.00,1.0000),('double_egg_chowmein_full','double_egg_chowmein','Full',55.00,1.8000),('double_egg_chowmein_half','double_egg_chowmein','Half',40.00,1.0000),('double_egg_moghlai_single','double_egg_moghlai','Single',60.00,1.0000),('double_egg_pasta_full','double_egg_pasta','Full',60.00,1.8000),('double_egg_pasta_half','double_egg_pasta','Half',40.00,1.0000),('double_egg_roll_single','double_egg_roll','Single',80.00,1.0000),('egg_12pc','egg','12 pc',95.00,12.0000),('egg_15pc','egg','15 pc',115.00,15.0000),('egg_1pc','egg','1 pc',8.00,1.0000),('egg_2tray','egg','2 Trays (60 pcs)',450.00,60.0000),('egg_carton','egg','1 Carton (210 pcs)',1550.00,210.0000),('egg_chicken_chowmein_full','egg_chicken_chowmein','Full',80.00,1.0000),('egg_chicken_chowmein_half','egg_chicken_chowmein','Half',50.00,1.0000),('egg_chicken_moghlai_single','egg_chicken_moghlai','Single',80.00,1.0000),('egg_chicken_pasta_full','egg_chicken_pasta','Full',90.00,1.8000),('egg_chicken_pasta_half','egg_chicken_pasta','Half',60.00,1.0000),('egg_chicken_roll_single','egg_chicken_roll','Single',50.00,1.0000),('egg_chowmein_full','egg_chowmein','Full',40.00,1.8000),('egg_chowmein_half','egg_chowmein','Half',30.00,1.0000),('egg_moghlai_single','egg_moghlai','Single',50.00,1.0000),('egg_paneer_chowmein_full','egg_paneer_chowmein','Full',80.00,1.0000),('egg_paneer_chowmein_half','egg_paneer_chowmein','Half',50.00,1.0000),('egg_paneer_moghlai_single','egg_paneer_moghlai','Single',80.00,1.0000),('egg_paneer_pasta_full','egg_paneer_pasta','Full',90.00,1.8000),('egg_paneer_pasta_half','egg_paneer_pasta','Half',60.00,1.0000),('egg_paneer_roll_single','egg_paneer_roll','Single',50.00,1.0000),('egg_pasta_full','egg_pasta','Full',50.00,1.8000),('egg_pasta_half','egg_pasta','Half',30.00,1.0000),('egg_roll_double_egg','egg_roll','Double Egg',80.00,1.0000),('egg_roll_single','egg_roll','Single',30.00,1.0000),('egg_tray','egg','1 Tray (30 pcs)',225.00,30.0000),('gogni_paratha_single','gogni_paratha','Single',20.00,1.0000),('paneer_chowmein_full','paneer_chowmein','Full',70.00,1.0000),('paneer_chowmein_half','paneer_chowmein','Half',40.00,1.0000),('paneer_pasta_full','paneer_pasta','Full',80.00,1.8000),('paneer_pasta_half','paneer_pasta','Half',50.00,1.0000),('paneer_roll_single','paneer_roll','Single',40.00,1.0000),('paratha_single','paratha','Single',10.00,1.0000),('veg_chowmein_full','veg_chowmein','Full',30.00,1.8000),('veg_chowmein_half','veg_chowmein','Half',20.00,1.0000),('veg_pasta_full','veg_pasta','Full',40.00,1.8000),('veg_pasta_half','veg_pasta','Half',20.00,1.0000),('veg_roll_single','veg_roll','Single',50.00,1.0000);
/*!40000 ALTER TABLE `menu_variants` ENABLE KEYS */;
UNLOCK TABLES;

--
-- Table structure for table `order_items`
--

DROP TABLE IF EXISTS `order_items`;
/*!40101 SET @saved_cs_client     = @@character_set_client */;
/*!50503 SET character_set_client = utf8mb4 */;
CREATE TABLE `order_items` (
  `id` int NOT NULL AUTO_INCREMENT,
  `order_id` varchar(32) NOT NULL,
  `menu_item_id` varchar(64) NOT NULL,
  `menu_item_name` varchar(120) DEFAULT NULL,
  `variant_id` varchar(64) DEFAULT NULL,
  `variant_name` varchar(80) DEFAULT NULL,
  `quantity` int DEFAULT '1',
  `unit_price` decimal(10,2) DEFAULT '0.00',
  `modifiers` json DEFAULT NULL,
  `status` varchar(20) DEFAULT 'PENDING',
  `type` varchar(32) DEFAULT 'DINE_IN',
  `is_new` tinyint DEFAULT '0',
  PRIMARY KEY (`id`),
  KEY `order_id` (`order_id`),
  CONSTRAINT `order_items_ibfk_1` FOREIGN KEY (`order_id`) REFERENCES `orders` (`id`) ON DELETE CASCADE
) ENGINE=InnoDB AUTO_INCREMENT=152 DEFAULT CHARSET=utf8mb4 COLLATE=utf8mb4_0900_ai_ci;
/*!40101 SET character_set_client = @saved_cs_client */;

--
-- Dumping data for table `order_items`
--

LOCK TABLES `order_items` WRITE;
/*!40000 ALTER TABLE `order_items` DISABLE KEYS */;
INSERT INTO `order_items` VALUES (105,'#11-7-26-0001','paneer_pasta','Paneer Pasta (Full)','full','Full',1,80.00,'[]','READY','DINE_IN',0),(106,'#11-7-26-0001','egg_paneer_roll','Egg Paneer Roll','single','Single',1,50.00,'[]','READY','DINE_IN',0),(123,'#11-7-26-0002','chicken_pasta','Chicken Pasta (Full)','full','Full',1,80.00,'[]','READY','DINE_IN',0),(124,'#11-7-26-0002','chicken_roll','Chicken Roll','single','Single',1,40.00,'[]','READY','DINE_IN',0),(125,'#11-7-26-0002','egg','Egg (12 pc)','12 pc','Full',1,95.00,'[]','READY','DINE_IN',0),(126,'#11-7-26-0002','gogni_paratha','Gogni Paratha','single','Single',1,20.00,'[]','READY','DINE_IN',0),(127,'#11-7-26-0002','egg_roll','Egg Roll (Double Egg)','double egg','Full',1,80.00,'[]','READY','DINE_IN',0),(135,'#11-7-26-0003','paneer_pasta','Paneer Pasta (Full)','full','Full',1,80.00,'[]','READY','DINE_IN',0),(136,'#11-7-26-0003','veg_pasta','Veg Pasta (Full)','full','Full',1,40.00,'[]','READY','DINE_IN',0),(137,'#11-7-26-0003','chicken_pakora','Chicken Pakora','single','Single',6,10.00,'[]','READY','DINE_IN',0),(138,'#11-7-26-0003','double_egg_pasta','Double Egg Pasta (Half)','half','Half',1,40.00,'[]','READY','DINE_IN',0),(148,'#11-7-26-0004','double_egg_pasta','Double Egg Pasta (Full)','full','Full',1,60.00,'[]','PENDING','DINE_IN',0),(149,'#11-7-26-0004','paneer_chowmein','Paneer Chowmein (Full)','full','Full',1,70.00,'[]','PENDING','DINE_IN',0),(150,'#11-7-26-0004','paneer_roll','Paneer Roll','single','Single',1,40.00,'[]','PENDING','DINE_IN',0),(151,'#11-7-26-0004','veg_chowmein','Veg Chowmein (Full)','full','Full',1,30.00,'[]','PENDING','DINE_IN',0);
/*!40000 ALTER TABLE `order_items` ENABLE KEYS */;
UNLOCK TABLES;

--
-- Table structure for table `orders`
--

DROP TABLE IF EXISTS `orders`;
/*!40101 SET @saved_cs_client     = @@character_set_client */;
/*!50503 SET character_set_client = utf8mb4 */;
CREATE TABLE `orders` (
  `id` varchar(32) NOT NULL,
  `customer_name` varchar(120) DEFAULT 'Walk-In',
  `source` varchar(32) DEFAULT 'DINE_IN',
  `priority` varchar(16) DEFAULT 'NORMAL',
  `subtotal` decimal(10,2) DEFAULT '0.00',
  `tax` decimal(10,2) DEFAULT '0.00',
  `total` decimal(10,2) DEFAULT '0.00',
  `commission` decimal(10,2) DEFAULT '0.00',
  `net_revenue` decimal(10,2) DEFAULT '0.00',
  `eta` int DEFAULT '0',
  `fulfillment_status` varchar(20) DEFAULT 'ACCEPTED',
  `payment_status` varchar(20) DEFAULT 'UNPAID',
  `ts_accepted` datetime DEFAULT NULL,
  `ts_cooking` datetime DEFAULT NULL,
  `ts_ready` datetime DEFAULT NULL,
  `ts_completed` datetime DEFAULT NULL,
  `created_at` timestamp NULL DEFAULT CURRENT_TIMESTAMP,
  `ts_active` datetime DEFAULT NULL,
  PRIMARY KEY (`id`)
) ENGINE=InnoDB DEFAULT CHARSET=utf8mb4 COLLATE=utf8mb4_0900_ai_ci;
/*!40101 SET character_set_client = @saved_cs_client */;

--
-- Dumping data for table `orders`
--

LOCK TABLES `orders` WRITE;
/*!40000 ALTER TABLE `orders` DISABLE KEYS */;
INSERT INTO `orders` VALUES ('#11-7-26-0001','Walk-In Customer','DINE_IN','NORMAL',130.00,0.00,130.00,0.00,130.00,6,'READY','PAID','2026-07-11 17:41:48',NULL,'2026-07-11 17:43:45',NULL,'2026-07-11 12:11:48','2026-07-11 17:41:48'),('#11-7-26-0002','Walk-In Customer','DINE_IN','NORMAL',315.00,0.00,315.00,0.00,315.00,14,'READY','PAID','2026-07-11 17:42:19',NULL,'2026-07-11 17:57:57',NULL,'2026-07-11 12:12:19','2026-07-11 17:43:45'),('#11-7-26-0003','Walk-In Customer','DINE_IN','NORMAL',220.00,0.00,220.00,0.00,220.00,34,'READY','PAID','2026-07-11 17:57:26',NULL,'2026-07-11 18:12:39',NULL,'2026-07-11 12:27:26','2026-07-11 17:57:26'),('#11-7-26-0004','Walk-In Customer','DINE_IN','NORMAL',200.00,0.00,200.00,0.00,200.00,14,'READY','PAID','2026-07-11 18:12:27',NULL,'2026-07-11 18:14:02',NULL,'2026-07-11 12:42:27','2026-07-11 18:12:39');
/*!40000 ALTER TABLE `orders` ENABLE KEYS */;
UNLOCK TABLES;

--
-- Table structure for table `raw_ingredients`
--

DROP TABLE IF EXISTS `raw_ingredients`;
/*!40101 SET @saved_cs_client     = @@character_set_client */;
/*!50503 SET character_set_client = utf8mb4 */;
CREATE TABLE `raw_ingredients` (
  `id` varchar(64) NOT NULL,
  `name` varchar(120) NOT NULL,
  `stock` decimal(12,4) DEFAULT '0.0000',
  `reserved` decimal(12,4) DEFAULT '0.0000',
  `min_stock` decimal(12,4) DEFAULT '0.0000',
  `purchase_unit` varchar(20) DEFAULT 'kg',
  `stock_unit` varchar(20) DEFAULT 'g',
  `conversion_factor` decimal(10,4) DEFAULT '1000.0000',
  `cost_per_purchase_unit` decimal(10,4) DEFAULT '0.0000',
  `supplier` varchar(120) DEFAULT '',
  `created_at` timestamp NULL DEFAULT CURRENT_TIMESTAMP,
  PRIMARY KEY (`id`)
) ENGINE=InnoDB DEFAULT CHARSET=utf8mb4 COLLATE=utf8mb4_0900_ai_ci;
/*!40101 SET character_set_client = @saved_cs_client */;

--
-- Dumping data for table `raw_ingredients`
--

LOCK TABLES `raw_ingredients` WRITE;
/*!40000 ALTER TABLE `raw_ingredients` DISABLE KEYS */;
INSERT INTO `raw_ingredients` VALUES ('capsicum','Capsicum',0.0000,0.0000,1500.0000,'kg','g',1000.0000,0.0000,'Sabji Mandi','2026-06-03 08:32:16'),('cheese','Cheese Block',0.0000,0.0000,1000.0000,'kg','g',1000.0000,0.0000,'Amul Store','2026-06-03 08:32:16'),('chole_chana','Chole Chana',0.0000,0.0000,2000.0000,'kg','g',1000.0000,0.0000,'Sabji Mandi','2026-06-05 17:54:17'),('egg','Egg',0.0000,0.0000,30.0000,'pcs','pcs',1.0000,0.0000,'Egg Vendor','2026-06-03 08:32:16'),('flour','Flour',0.0000,0.0000,10000.0000,'kg','g',1000.0000,0.0000,'Ganesh Flour Mill','2026-06-03 08:32:16'),('ghugni_peas','Ghugni Peas',0.0000,0.0000,2000.0000,'kg','g',1000.0000,0.0000,'Sabji Mandi','2026-06-05 17:54:17'),('noodles','Raw Noodles',0.0000,0.0000,2000.0000,'kg','g',1000.0000,0.0000,'Chong noodles','2026-06-03 08:32:16'),('oil','Cooking Oil',0.0000,0.0000,3000.0000,'L','ml',1000.0000,0.0000,'Fortune Retail','2026-06-03 08:32:16'),('onion','Onions',0.0000,0.0000,3000.0000,'kg','g',1000.0000,0.0000,'Sabji Mandi','2026-06-03 08:32:16'),('paneer','Paneer',0.0000,0.0000,2000.0000,'kg','g',1000.0000,0.0000,'Maa Dairy','2026-06-03 08:32:16'),('pasta','Raw Pasta',0.0000,0.0000,2000.0000,'kg','g',1000.0000,0.0000,'Fortune Retail','2026-06-03 08:32:16'),('raw_chicken','Raw Chicken',0.0000,0.0000,5000.0000,'kg','g',1000.0000,0.0000,'Apex Poultry','2026-06-03 08:32:16'),('sauce','Sauces & Condiments',0.0000,0.0000,1000.0000,'kg','g',1000.0000,0.0000,'Kissan Depot','2026-06-03 08:32:16'),('spices','Mix Spices',0.0000,0.0000,500.0000,'kg','g',1000.0000,0.0000,'Sunrise Spices','2026-06-03 08:32:16');
/*!40000 ALTER TABLE `raw_ingredients` ENABLE KEYS */;
UNLOCK TABLES;

--
-- Table structure for table `stations`
--

DROP TABLE IF EXISTS `stations`;
/*!40101 SET @saved_cs_client     = @@character_set_client */;
/*!50503 SET character_set_client = utf8mb4 */;
CREATE TABLE `stations` (
  `id` varchar(64) NOT NULL,
  `name` varchar(120) NOT NULL,
  `base_capacity` int DEFAULT '1',
  `sort_order` int DEFAULT '0',
  `created_at` timestamp NULL DEFAULT CURRENT_TIMESTAMP,
  `current_worker_id` varchar(64) DEFAULT NULL,
  PRIMARY KEY (`id`),
  KEY `fk_stations_current_worker` (`current_worker_id`),
  CONSTRAINT `fk_stations_current_worker` FOREIGN KEY (`current_worker_id`) REFERENCES `workers` (`id`) ON DELETE SET NULL
) ENGINE=InnoDB DEFAULT CHARSET=utf8mb4 COLLATE=utf8mb4_0900_ai_ci;
/*!40101 SET character_set_client = @saved_cs_client */;

--
-- Dumping data for table `stations`
--

LOCK TABLES `stations` WRITE;
/*!40000 ALTER TABLE `stations` DISABLE KEYS */;
INSERT INTO `stations` VALUES ('chilley','Chilley',1,6,'2026-06-03 08:32:16','w5'),('cleaner','Cleaner',1,9,'2026-06-03 08:32:16',NULL),('deep_fry','Deep Fry',1,4,'2026-06-03 08:32:16','w6'),('kosha','Kosha',1,5,'2026-06-03 08:32:16','w6'),('moghlai','Moghlai',1,7,'2026-06-03 08:32:16','w4'),('moghlai_tawa','Moghlai Tawa',1,8,'2026-06-03 08:32:16','w5'),('prep','Prep',1,2,'2026-06-03 08:32:16','w7'),('reception','Reception',1,3,'2026-06-03 08:32:16','w5'),('server','Server',1,10,'2026-06-03 08:32:16','w7'),('tawa','Tawa',1,1,'2026-06-03 08:32:16','w4');
/*!40000 ALTER TABLE `stations` ENABLE KEYS */;
UNLOCK TABLES;

--
-- Table structure for table `worker_stations`
--

DROP TABLE IF EXISTS `worker_stations`;
/*!40101 SET @saved_cs_client     = @@character_set_client */;
/*!50503 SET character_set_client = utf8mb4 */;
CREATE TABLE `worker_stations` (
  `worker_id` varchar(64) NOT NULL,
  `station_id` varchar(64) NOT NULL,
  `prep_time` int DEFAULT '3',
  PRIMARY KEY (`worker_id`,`station_id`),
  KEY `station_id` (`station_id`),
  CONSTRAINT `worker_stations_ibfk_1` FOREIGN KEY (`worker_id`) REFERENCES `workers` (`id`) ON DELETE CASCADE,
  CONSTRAINT `worker_stations_ibfk_2` FOREIGN KEY (`station_id`) REFERENCES `stations` (`id`) ON DELETE CASCADE
) ENGINE=InnoDB DEFAULT CHARSET=utf8mb4 COLLATE=utf8mb4_0900_ai_ci;
/*!40101 SET character_set_client = @saved_cs_client */;

--
-- Dumping data for table `worker_stations`
--

LOCK TABLES `worker_stations` WRITE;
/*!40000 ALTER TABLE `worker_stations` DISABLE KEYS */;
INSERT INTO `worker_stations` VALUES ('w3','prep',3),('w3','tawa',3),('w4','moghlai',3),('w4','tawa',3),('w5','chilley',3),('w5','deep_fry',3),('w5','moghlai_tawa',3),('w5','prep',3),('w5','reception',3),('w6','chilley',3),('w6','deep_fry',3),('w6','kosha',3),('w6','moghlai_tawa',3),('w6','server',3),('w6','tawa',3),('w7','prep',3),('w7','server',3),('w7','tawa',3);
/*!40000 ALTER TABLE `worker_stations` ENABLE KEYS */;
UNLOCK TABLES;

--
-- Table structure for table `workers`
--

DROP TABLE IF EXISTS `workers`;
/*!40101 SET @saved_cs_client     = @@character_set_client */;
/*!50503 SET character_set_client = utf8mb4 */;
CREATE TABLE `workers` (
  `id` varchar(64) NOT NULL,
  `name` varchar(80) NOT NULL,
  `prep_time_per_item` int DEFAULT '3',
  `active` tinyint(1) DEFAULT '1',
  `created_at` timestamp NULL DEFAULT CURRENT_TIMESTAMP,
  `daily_salary` int DEFAULT '0',
  PRIMARY KEY (`id`)
) ENGINE=InnoDB DEFAULT CHARSET=utf8mb4 COLLATE=utf8mb4_0900_ai_ci;
/*!40101 SET character_set_client = @saved_cs_client */;

--
-- Dumping data for table `workers`
--

LOCK TABLES `workers` WRITE;
/*!40000 ALTER TABLE `workers` DISABLE KEYS */;
INSERT INTO `workers` VALUES ('w3','Amal',3,0,'2026-06-03 08:32:17',0),('w4','Srikanta',4,1,'2026-06-03 08:32:17',0),('w5','Sudip',3,1,'2026-06-03 08:32:17',0),('w6','Ava',5,1,'2026-06-03 08:32:17',0),('w7','Abir',5,1,'2026-06-03 08:32:17',0);
/*!40000 ALTER TABLE `workers` ENABLE KEYS */;
UNLOCK TABLES;
/*!40103 SET TIME_ZONE=@OLD_TIME_ZONE */;

/*!40101 SET SQL_MODE=@OLD_SQL_MODE */;
/*!40014 SET FOREIGN_KEY_CHECKS=@OLD_FOREIGN_KEY_CHECKS */;
/*!40014 SET UNIQUE_CHECKS=@OLD_UNIQUE_CHECKS */;
/*!40101 SET CHARACTER_SET_CLIENT=@OLD_CHARACTER_SET_CLIENT */;
/*!40101 SET CHARACTER_SET_RESULTS=@OLD_CHARACTER_SET_RESULTS */;
/*!40101 SET COLLATION_CONNECTION=@OLD_COLLATION_CONNECTION */;
/*!40111 SET SQL_NOTES=@OLD_SQL_NOTES */;

-- Dump completed on 2026-07-22 11:12:14
